,tweet_id,timestamp,source,text,expanded_urls,rating_numerator,rating_denominator,name,retweet_count,favorite_count,jpg_url,#1 Prediciton,#1 is a dog,life_stage
8,890240255349198849,2017-07-26 15:59:51+00:00,Twitter for iPhone,This is Cassie. She is a college pup. Studying international doggo communication and stick theory. 14/10 so elegant much sophisticate https://t.co/t1bfwz5S2A,https://twitter.com/dog_rates/status/890240255349198849/photo/1,14,10,Cassie,6297,28677,https://pbs.twimg.com/media/DFrEyVuW0AAO3t9.jpg,Pembroke,True,doggo
84,869596645499047938,2017-05-30 16:49:31+00:00,Twitter for iPhone,This is Scout. He just graduated. Officially a doggo now. Have fun with taxes and losing sight of your ambitions. 12/10 would throw cap for https://t.co/DsA2hwXAJo,"https://twitter.com/dog_rates/status/869596645499047938/photo/1,https://twitter.com/dog_rates/status/869596645499047938/photo/1",12,10,Scout,2725,14566,https://pbs.twimg.com/media/DBFtiYqWAAAsjj1.jpg,Chihuahua,True,doggo
117,858843525470990336,2017-05-01 00:40:27+00:00,Twitter for iPhone,I have stumbled puppon a doggo painting party. They're looking to be the next Pupcasso or Puppollock. All 13/10 would put it on the fridge https://t.co/cUeDMlHJbq,https://twitter.com/dog_rates/status/858843525470990336/photo/1,13,10,None,3129,14478,https://pbs.twimg.com/media/C-s5oYZXkAAMHHq.jpg,golden_retriever,True,doggo
155,846514051647705089,2017-03-28 00:07:32+00:00,Twitter for iPhone,This is Barney. He's an elder doggo. Hitches a ride when he gets tired. Waves goodbye before he leaves. 13/10 please come back soon https://t.co/cFAasDXauK,"https://twitter.com/dog_rates/status/846514051647705089/photo/1,https://twitter.com/dog_rates/status/846514051647705089/photo/1,https://twitter.com/dog_rates/status/846514051647705089/photo/1",13,10,Barney,10776,42327,https://pbs.twimg.com/media/C79sB4xXwAEvwKY.jpg,golden_retriever,True,doggo
160,845397057150107648,2017-03-24 22:08:59+00:00,Twitter for iPhone,"Say hello to Mimosa. She's an emotional support doggo who helps her owner with PTSD. 13/10, but she needs your help

https://t.co/L6mLzrd7Mx https://t.co/jMutBFdw5o","https://www.gofundme.com/help-save-a-pup,https://twitter.com/dog_rates/status/845397057150107648/photo/1,https://twitter.com/dog_rates/status/845397057150107648/photo/1",13,10,Mimosa,1671,7279,https://pbs.twimg.com/media/C7t0IzLWkAINoft.jpg,Dandie_Dinmont,True,doggo
190,834574053763584002,2017-02-23 01:22:14+00:00,Twitter for iPhone,Here's a doggo fully pupared for a shower. H*ckin exquisite balance. Sneaky tongue slip too. 13/10 https://t.co/UtEVnQ1ZPg,https://twitter.com/dog_rates/status/834574053763584002/photo/1,13,10,None,2390,13150,https://pbs.twimg.com/media/C5UAqgyXAAAbMWH.jpg,toilet_tissue,False,doggo
198,832998151111966721,2017-02-18 17:00:10+00:00,Twitter for iPhone,"This is Rhino. He arrived at a shelter with an elaborate doggo manual for his new family, written by someone who will always love him. 13/10 https://t.co/QX1h0oqMz0","https://twitter.com/dog_rates/status/832998151111966721/photo/1,https://twitter.com/dog_rates/status/832998151111966721/photo/1",13,10,Rhino,2095,12778,https://pbs.twimg.com/media/C49nZavUYAEJjGw.jpg,boxer,True,doggo
205,832032802820481025,2017-02-16 01:04:13+00:00,Twitter for iPhone,"This is Miguel. He was the only remaining doggo at the adoption center after the weekend. Let's change that. 12/10

https://t.co/P0bO8mCQwN https://t.co/SU4K34NT4M","https://www.petfinder.com/petdetail/34918210,https://twitter.com/dog_rates/status/832032802820481025/photo/1,https://twitter.com/dog_rates/status/832032802820481025/photo/1,https://twitter.com/dog_rates/status/832032802820481025/photo/1,https://twitter.com/dog_rates/status/832032802820481025/photo/1",12,10,Miguel,4437,17227,https://pbs.twimg.com/media/C4v5a4UWcAIRygc.jpg,whippet,True,doggo
210,831322785565769729,2017-02-14 02:02:51+00:00,Twitter for iPhone,This is Pete. He has no eyes. Needs a guide doggo. Also appears to be considerably fluffy af. 12/10 would hug softly https://t.co/Xc0gyovCtK,https://twitter.com/dog_rates/status/831322785565769729/photo/1,12,10,Pete,1488,8990,https://pbs.twimg.com/media/C4lzqQ4UEAApzU0.jpg,Old_English_sheepdog,True,doggo
216,829878982036299777,2017-02-10 02:25:42+00:00,Twitter for iPhone,RT @dog_rates: This is Loki. He smiles like Elvis. Ain't nothin but a hound doggo. 12/10 https://t.co/QV5nx6otZR,"https://twitter.com/dog_rates/status/826958653328592898/photo/1,https://twitter.com/dog_rates/status/826958653328592898/photo/1",12,10,Loki,4776,0,https://pbs.twimg.com/media/C3nygbBWQAAjwcW.jpg,golden_retriever,True,doggo
78,871515927908634625,2017-06-04 23:56:03+00:00,Twitter for iPhone,This is Napolean. He's a Raggedy East Nicaraguan Zoom Zoom. Runs on one leg. Built for deception. No eyes. Good with kids. 12/10 great doggo https://t.co/PR7B7w1rUw,"https://twitter.com/dog_rates/status/871515927908634625/photo/1,https://twitter.com/dog_rates/status/871515927908634625/photo/1",12,10,Napolean,3036,18343,https://pbs.twimg.com/media/DBg_HT9WAAEeIMM.jpg,komondor,True,doggo
71,872967104147763200,2017-06-09 00:02:31+00:00,Twitter for iPhone,Here's a very large dog. He has a date later. Politely asked this water person to check if his breath is bad. 12/10 good to go doggo https://t.co/EMYIdoblMR,"https://twitter.com/dog_rates/status/872967104147763200/photo/1,https://twitter.com/dog_rates/status/872967104147763200/photo/1",12,10,None,4709,24684,https://pbs.twimg.com/media/DB1m871XUAAw5vZ.jpg,Labrador_retriever,True,doggo
227,828381636999917570,2017-02-05 23:15:47+00:00,Twitter for iPhone,Meet Doobert. He's a deaf doggo. Didn't stop him on the field tho. Absolute legend today. 14/10 would pat head approvingly https://t.co/iCk7zstRA9,https://twitter.com/dog_rates/status/828381636999917570/photo/1,14,10,Doobert,2130,12189,https://pbs.twimg.com/media/C38Asz1WEAAvzj3.jpg,Bedlington_terrier,True,doggo
277,819004803107983360,2017-01-11 02:15:36+00:00,Twitter for iPhone,This is Bo. He was a very good First Doggo. 14/10 would be an absolute honor to pet https://t.co/AdPKrI8BZ1,"https://twitter.com/dog_rates/status/819004803107983360/photo/1,https://twitter.com/dog_rates/status/819004803107983360/photo/1,https://twitter.com/dog_rates/status/819004803107983360/photo/1,https://twitter.com/dog_rates/status/819004803107983360/photo/1",14,10,Bo,35664,84827,https://pbs.twimg.com/media/C12whDoVEAALRxa.jpg,standard_poodle,True,doggo
276,819015337530290176,2017-01-11 02:57:27+00:00,Twitter for iPhone,RT @dog_rates: This is Bo. He was a very good First Doggo. 14/10 would be an absolute honor to pet https://t.co/AdPKrI8BZ1,"https://twitter.com/dog_rates/status/819004803107983360/photo/1,https://twitter.com/dog_rates/status/819004803107983360/photo/1,https://twitter.com/dog_rates/status/819004803107983360/photo/1,https://twitter.com/dog_rates/status/819004803107983360/photo/1,https://twitter.com/dog_rates/status/819004803107983360/photo/1,https://twitter.com/dog_rates/status/819004803107983360/photo/1,https://twitter.com/dog_rates/status/819004803107983360/photo/1,https://twitter.com/dog_rates/status/819004803107983360/photo/1",14,10,Bo,35664,0,https://pbs.twimg.com/media/C12whDoVEAALRxa.jpg,standard_poodle,True,doggo
219,829449946868879360,2017-02-08 22:00:52+00:00,Twitter for iPhone,Here's a stressed doggo. Had a long day. Many things on her mind. The hat communicates these feelings exquisitely. 11/10 https://t.co/fmRS43mWQB,https://twitter.com/dog_rates/status/829449946868879360/photo/1,11,10,None,1921,10131,https://pbs.twimg.com/media/C4LMUf8WYAkWz4I.jpg,Labrador_retriever,True,doggo
264,821407182352777218,2017-01-17 17:21:47+00:00,Twitter for iPhone,This is Sundance. He's a doggo drummer. Even sings a bit on the side. 14/10 entertained af (vid by @sweetsundance) https://t.co/Xn5AQtiqzG,https://twitter.com/dog_rates/status/821407182352777218/video/1,14,10,Sundance,4129,11382,https://pbs.twimg.com/ext_tw_video_thumb/821407155391725568/pu/img/AJC07gFJDDBuwNTD.jpg,Irish_setter,True,doggo
266,821107785811234820,2017-01-16 21:32:06+00:00,Twitter for iPhone,Here's a doggo who looks like he's about to give you a list of mythical ingredients to go collect for his potion. 11/10 would obey https://t.co/8SiwKDlRcl,https://twitter.com/dog_rates/status/821107785811234820/photo/1,11,10,None,2045,9313,https://pbs.twimg.com/media/C2UpLA-UcAEK_Fz.jpg,Pomeranian,True,doggo
262,821765923262631936,2017-01-18 17:07:18+00:00,Twitter for iPhone,This is Duchess. She uses dark doggo forces to levitate her toys. 13/10 magical af https://t.co/maDNMETA52,https://twitter.com/dog_rates/status/821765923262631936/photo/1,13,10,Duchess,1603,8144,https://pbs.twimg.com/media/C2d_vnHWEAE9phX.jpg,golden_retriever,True,doggo
240,826204788643753985,2017-01-30 23:05:46+00:00,Twitter for iPhone,"Here's a little more info on Dew, your favorite roaming doggo that went h*ckin viral. 13/10 
https://t.co/1httNYrCeW https://t.co/KvaM8j3jhX","http://us.blastingnews.com/news/2017/01/kentucky-teen-helps-lost-yellow-labrador-and-gets-a-huge-surprise-001431969.html?sbdht=_pM1QUzk3wsenGU1giO7UnJ5NGGiKRW9AD5xs2MkaDpYY13JxbtKE4w2_,https://twitter.com/dog_rates/status/826204788643753985/photo/1,https://twitter.com/dog_rates/status/826204788643753985/photo/1,https://twitter.com/dog_rates/status/826204788643753985/photo/1,https://twitter.com/dog_rates/status/826204788643753985/photo/1",13,10,None,878,4729,https://pbs.twimg.com/media/C3dEza1WcAAhlNU.jpg,Labrador_retriever,True,doggo
238,826476773533745153,2017-01-31 17:06:32+00:00,Twitter for iPhone,This is Pilot. He has mastered the synchronized head tilt and sneaky tongue slip. Usually not unlocked until later doggo days. 12/10 https://t.co/YIV8sw8xkh,https://twitter.com/dog_rates/status/826476773533745153/photo/1,12,10,Pilot,4023,17815,https://pbs.twimg.com/media/C3g8M0lWIAEcFgn.jpg,German_shepherd,True,doggo
237,826848821049180160,2017-02-01 17:44:55+00:00,Twitter for iPhone,This is Cupid. He was found in the trash. Now he's well on his way to prosthetic front legs and a long happy doggo life. 13/10 heroic af https://t.co/WS0Gha8vRh,"https://twitter.com/dog_rates/status/826848821049180160/photo/1,https://twitter.com/dog_rates/status/826848821049180160/photo/1,https://twitter.com/dog_rates/status/826848821049180160/photo/1,https://twitter.com/dog_rates/status/826848821049180160/photo/1",13,10,Cupid,9700,35007,https://pbs.twimg.com/media/C3mOnZ_XUAAjr2V.jpg,Great_Pyrenees,True,doggo
312,813202720496779264,2016-12-26 02:00:11+00:00,Twitter for iPhone,Here's a doggo who has concluded that Christmas is entirely too bright. Requests you tone it down a notch. 11/10 https://t.co/cD967DjnIn,https://twitter.com/dog_rates/status/813202720496779264/photo/1,11,10,None,1760,9011,https://pbs.twimg.com/media/C0kTjqIXgAAqpRi.jpg,cocker_spaniel,True,doggo
308,813910438903693312,2016-12-28 00:52:25+00:00,Twitter for iPhone,This is Chubbs. He dug a hole and now he's stuck in it. Dang h*ckin doggo. 11/10 would assist https://t.co/z1VRj1cYZf,https://twitter.com/dog_rates/status/813910438903693312/photo/1,11,10,Chubbs,1793,9060,https://pbs.twimg.com/media/C0uXObSXUAAIzmV.jpg,Siberian_husky,True,doggo
32,884162670584377345,2017-07-09 21:29:42+00:00,Twitter for iPhone,Meet Yogi. He doesn't have any important dog meetings today he just enjoys looking his best at all times. 12/10 for dangerously dapper doggo https://t.co/YSI00BzTBZ,https://twitter.com/dog_rates/status/884162670584377345/photo/1,12,10,Yogi,2580,18394,https://pbs.twimg.com/media/DEUtQbzW0AUTv_o.jpg,German_shepherd,True,doggo
236,826958653328592898,2017-02-02 01:01:21+00:00,Twitter for iPhone,This is Loki. He smiles like Elvis. Ain't nothin but a hound doggo. 12/10 https://t.co/QV5nx6otZR,https://twitter.com/dog_rates/status/826958653328592898/photo/1,12,10,Loki,4776,20874,https://pbs.twimg.com/media/C3nygbBWQAAjwcW.jpg,golden_retriever,True,doggo
317,813127251579564032,2016-12-25 21:00:18+00:00,Twitter for iPhone,Here's an anonymous doggo that appears to be very done with Christmas. 11/10 cheer up pup https://t.co/BzITyGw3JA,"https://twitter.com/dog_rates/status/813127251579564032/photo/1,https://twitter.com/dog_rates/status/813127251579564032/photo/1",11,10,None,3008,11516,https://pbs.twimg.com/media/C0jO6aBWEAAM28r.jpg,Norwegian_elkhound,True,doggo
377,799757965289017345,2016-11-18 23:35:32+00:00,Twitter for iPhone,This is Sobe. She's a h*ckin happy doggo. Only one leg tho. Must have good balance. 13/10 would smile back https://t.co/OiH8PaOxB1,"https://twitter.com/dog_rates/status/799757965289017345/photo/1,https://twitter.com/dog_rates/status/799757965289017345/photo/1,https://twitter.com/dog_rates/status/799757965289017345/photo/1,https://twitter.com/dog_rates/status/799757965289017345/photo/1",13,10,Sobe,2085,8189,https://pbs.twimg.com/media/CxlPnoSUcAEXf1i.jpg,Border_collie,True,doggo
319,813096984823349248,2016-12-25 19:00:02+00:00,Twitter for iPhone,This is Rocky. He got triple-doggo-dared. Stuck af. 11/10 someone help him https://t.co/soNL00XWVu,https://twitter.com/dog_rates/status/813096984823349248/photo/1,11,10,Rocky,3499,10303,https://pbs.twimg.com/media/C0izZULWgAAKD-F.jpg,Great_Dane,True,doggo
399,795464331001561088,2016-11-07 03:14:10+00:00,Twitter for iPhone,Elder doggo does a splash. Both 13/10 incredible stuff https://t.co/gBUDjdEcqz,https://twitter.com/dog_rates/status/795464331001561088/video/1,13,10,None,22794,48267,https://pbs.twimg.com/ext_tw_video_thumb/795464066940764160/pu/img/jPkMMQXdydb7CqFX.jpg,golden_retriever,True,doggo
447,786363235746385920,2016-10-13 00:29:39+00:00,Twitter for iPhone,This is Rizzo. He has many talents. A true renaissance doggo. 13/10 entertaining af https://t.co/TVXpEJB7Wn,"https://twitter.com/dog_rates/status/786363235746385920/photo/1,https://twitter.com/dog_rates/status/786363235746385920/photo/1,https://twitter.com/dog_rates/status/786363235746385920/photo/1,https://twitter.com/dog_rates/status/786363235746385920/photo/1",13,10,Rizzo,3350,10601,https://pbs.twimg.com/media/Cum5LlfWAAAyPcS.jpg,golden_retriever,True,doggo
464,782747134529531904,2016-10-03 01:00:34+00:00,Twitter for iPhone,This is Deacon. He's the happiest almost dry doggo I've ever seen. 11/10 would smile back https://t.co/C6fUMnHt1H,https://twitter.com/dog_rates/status/782747134529531904/photo/1,11,10,Deacon,1359,7267,https://pbs.twimg.com/media/CtzgXgeXYAA1Gxw.jpg,golden_retriever,True,doggo
467,782305867769217024,2016-10-01 19:47:08+00:00,Twitter for iPhone,This is Sampson. He just graduated. Ready to be a doggo now. Time for the real world. 12/10 have fun with taxes https://t.co/pgVKxRw0s1,"https://twitter.com/dog_rates/status/782305867769217024/photo/1,https://twitter.com/dog_rates/status/782305867769217024/photo/1,https://twitter.com/dog_rates/status/782305867769217024/photo/1",12,10,Sampson,5334,16163,https://pbs.twimg.com/media/CttPBt0WIAAcsDE.jpg,briard,True,doggo
503,775364825476165632,2016-09-12 16:05:54+00:00,Twitter for iPhone,This is Finley. He's an independent doggo still adjusting to life on his own. 11/10 https://t.co/7FNcBaKbci,"https://twitter.com/dog_rates/status/775364825476165632/photo/1,https://twitter.com/dog_rates/status/775364825476165632/photo/1,https://twitter.com/dog_rates/status/775364825476165632/photo/1,https://twitter.com/dog_rates/status/775364825476165632/photo/1",11,10,Finley,2834,7158,https://pbs.twimg.com/media/CsKmMB2WAAAXcAy.jpg,beagle,True,doggo
569,760893934457552897,2016-08-03 17:43:45+00:00,Twitter for iPhone,This is Wishes. He has the day off. Daily struggles of being a doggo have finally caught up with him. 11/10 https://t.co/H9YgrUkYwa,https://twitter.com/dog_rates/status/760893934457552897/photo/1,11,10,Wishes,925,3685,https://pbs.twimg.com/media/Co88_ujWEAErCg7.jpg,Blenheim_spaniel,True,doggo
581,758828659922702336,2016-07-29 00:57:05+00:00,Twitter for iPhone,This doggo is just waiting for someone to be proud of her and her accomplishment. 13/10 legendary af https://t.co/9T2h14yn4Q,https://twitter.com/dog_rates/status/758828659922702336/photo/1,13,10,None,3673,10799,https://pbs.twimg.com/media/Cofmom_VUAA4dRO.jpg,Chesapeake_Bay_retriever,True,doggo
592,757393109802180609,2016-07-25 01:52:43+00:00,Twitter for iPhone,Here's a doggo completely oblivious to the double rainbow behind him. 10/10 someone tell him https://t.co/OfvRoD6ndV,"https://twitter.com/dog_rates/status/757393109802180609/photo/1,https://twitter.com/dog_rates/status/757393109802180609/photo/1,https://twitter.com/dog_rates/status/757393109802180609/photo/1,https://twitter.com/dog_rates/status/757393109802180609/photo/1",10,10,None,1647,5590,https://pbs.twimg.com/media/CoLNAq6WAAAkmdJ.jpg,Labrador_retriever,True,doggo
611,752660715232722944,2016-07-12 00:27:52+00:00,Twitter for iPhone,"Hooman used Pokeball
*wiggle*
*wiggle*
Doggo broke free 
10/10 https://t.co/bWSgqnwSHr","https://twitter.com/dog_rates/status/752660715232722944/photo/1,https://twitter.com/dog_rates/status/752660715232722944/photo/1",10,10,None,1480,4195,https://pbs.twimg.com/media/CnH87L6XYAAF7I_.jpg,goose,False,doggo
610,752682090207055872,2016-07-12 01:52:49+00:00,Twitter for iPhone,Nothing better than a doggo and a sunset. 10/10 majestic af https://t.co/xVSodF19PS,"https://twitter.com/dog_rates/status/752682090207055872/photo/1,https://twitter.com/dog_rates/status/752682090207055872/photo/1",10,10,None,1510,5784,https://pbs.twimg.com/media/CnIQXdYWgAAnsZZ.jpg,German_shepherd,True,doggo
633,750011400160841729,2016-07-04 17:00:26+00:00,TweetDeck,Meet Piper. She's an airport doggo. Please return your tray table to its full pupright and locked position. 11/10 https://t.co/D17IAcetmM,https://twitter.com/dog_rates/status/750011400160841729/photo/1,11,10,Piper,857,3100,https://pbs.twimg.com/media/CmfmvGUWgAAuVKD.jpg,muzzle,False,doggo
643,748932637671223296,2016-07-01 17:33:49+00:00,Twitter for iPhone,Say hello to Divine Doggo. Must be magical af. 13/10 would be an honor to pet https://t.co/BbcABzohKb,https://twitter.com/dog_rates/status/748932637671223296/photo/1,13,10,Divine,2138,5560,https://pbs.twimg.com/media/CmS-QkQWAAAkUa-.jpg,borzoi,True,doggo
664,745433870967832576,2016-06-22 01:50:58+00:00,Twitter for iPhone,This is Lenox. She's in a wheelbarrow. Silly doggo. You don't belong there. 10/10 would push around https://t.co/oYbVR4nBsR,"https://twitter.com/dog_rates/status/745433870967832576/photo/1,https://twitter.com/dog_rates/status/745433870967832576/photo/1,https://twitter.com/dog_rates/status/745433870967832576/photo/1",10,10,Lenox,2397,6744,https://pbs.twimg.com/media/ClhQJUUWAAEVpBX.jpg,barrow,False,doggo
709,735256018284875776,2016-05-24 23:47:49+00:00,Twitter for iPhone,This is Kellogg. He accidentally opened the front facing camera. 8/10 get it together doggo https://t.co/MRYv7nDPyS,https://twitter.com/dog_rates/status/735256018284875776/photo/1,8,10,Kellogg,830,3168,https://pbs.twimg.com/media/CjQnclkVEAA4pnK.jpg,Staffordshire_bullterrier,True,doggo
719,732375214819057664,2016-05-17 01:00:32+00:00,Twitter for iPhone,This is Kyle (pronounced 'Mitch'). He strives to be the best doggo he can be. 11/10 would pat on head approvingly https://t.co/aA2GiTGvlE,https://twitter.com/dog_rates/status/732375214819057664/photo/1,11,10,Kyle,2355,7690,https://pbs.twimg.com/media/CinrX2EWkAABDYt.jpg,tennis_ball,False,doggo
735,727644517743104000,2016-05-03 23:42:26+00:00,Twitter for iPhone,Here's a doggo struggling to cope with the winds. 13/10 https://t.co/qv3aUwaouT,"https://twitter.com/dog_rates/status/727644517743104000/photo/1,https://twitter.com/dog_rates/status/727644517743104000/photo/1",13,10,None,1646,5559,https://pbs.twimg.com/media/Chkc1BQUoAAa96R.jpg,Great_Pyrenees,True,doggo
747,724771698126512129,2016-04-26 01:26:53+00:00,Twitter for iPhone,Nothin better than a doggo and a sunset. 11/10 https://t.co/JlFqOhrHEs,"https://twitter.com/dog_rates/status/724771698126512129/photo/1,https://twitter.com/dog_rates/status/724771698126512129/photo/1,https://twitter.com/dog_rates/status/724771698126512129/photo/1,https://twitter.com/dog_rates/status/724771698126512129/photo/1",11,10,None,591,2218,https://pbs.twimg.com/media/Cg7n_-OU8AA5RR1.jpg,German_short-haired_pointer,True,doggo
763,719991154352222208,2016-04-12 20:50:42+00:00,Twitter for iPhone,This doggo was initially thrilled when she saw the happy cartoon pup but quickly realized she'd been deceived. 10/10 https://t.co/mvnBGaWULV,"https://twitter.com/dog_rates/status/719991154352222208/photo/1,https://twitter.com/dog_rates/status/719991154352222208/photo/1",10,10,None,1634,4609,https://pbs.twimg.com/media/Cf3sH62VAAA-LiP.jpg,golden_retriever,True,doggo
783,716080869887381504,2016-04-02 01:52:38+00:00,Twitter for iPhone,Here's a super majestic doggo and a sunset 11/10 https://t.co/UACnoyi8zu,"https://twitter.com/dog_rates/status/716080869887381504/photo/1,https://twitter.com/dog_rates/status/716080869887381504/photo/1",11,10,None,1787,6446,https://pbs.twimg.com/media/CfAHv83UMAIEQYx.jpg,golden_retriever,True,doggo
695,739238157791694849,2016-06-04 23:31:25+00:00,Twitter for iPhone,Here's a doggo blowing bubbles. It's downright legendary. 13/10 would watch on repeat forever (vid by Kent Duryee) https://t.co/YcXgHfp1EC,https://twitter.com/dog_rates/status/739238157791694849/video/1,13,10,None,54669,110213,https://pbs.twimg.com/ext_tw_video_thumb/739238016737267712/pu/img/-tLpyiuIzD5zR1et.jpg,Eskimo_dog,True,doggo
613,752334515931054080,2016-07-11 02:51:40+00:00,Twitter for iPhone,Here's a doggo trying to catch some fish. 8/10 futile af (vid by @KellyBauerx) https://t.co/jwd0j6oWLE,https://twitter.com/dog_rates/status/752334515931054080/video/1,8,10,None,1044,3674,https://pbs.twimg.com/ext_tw_video_thumb/752334354492362752/pu/img/uWISPc0YRmhUi9Ju.jpg,Bedlington_terrier,True,doggo
1673,854010172552949760,2017-04-17 16:34:26+00:00,Twitter for iPhone,"At first I thought this was a shy doggo, but it's actually a Rare Canadian Floofer Owl. Amateurs would confuse the two. 11/10 only send dogs https://t.co/TXdT3tmuYk","https://twitter.com/dog_rates/status/854010172552949760/photo/1,https://twitter.com/dog_rates/status/854010172552949760/photo/1",11,10,None,2899,15249,https://pbs.twimg.com/media/C9oNt91WAAAFSLS.jpg,English_springer,True,floofer
2039,776218204058357768,2016-09-15 00:36:55+00:00,Twitter for iPhone,Atlas rolled around in some chalk and now he's a magical rainbow floofer. 13/10 please never take a bath https://t.co/nzqTNw0744,"https://twitter.com/dog_rates/status/776218204058357768/photo/1,https://twitter.com/dog_rates/status/776218204058357768/photo/1,https://twitter.com/dog_rates/status/776218204058357768/photo/1",13,10,None,15201,28897,https://pbs.twimg.com/media/CsWuVEdWcAAqbe9.jpg,Samoyed,True,floofer
1575,883360690899218434,2017-07-07 16:22:55+00:00,Twitter for iPhone,Meet Grizzwald. He may be the floofiest floofer I ever did see. Lost eyes saving a schoolbus from a volcano erpuption. 13/10 heroic as h*ck https://t.co/rf661IFEYP,https://twitter.com/dog_rates/status/883360690899218434/photo/1,13,10,Grizzwald,3179,20442,https://pbs.twimg.com/media/DEJT3FeXoAAtwUy.jpg,chow,True,floofer
1914,800388270626521089,2016-11-20 17:20:08+00:00,Twitter for iPhone,This is Doc. He takes time out of every day to worship our plant overlords. 12/10 quite the floofer https://t.co/azMneS6Ly5,"https://twitter.com/dog_rates/status/800388270626521089/photo/1,https://twitter.com/dog_rates/status/800388270626521089/photo/1,https://twitter.com/dog_rates/status/800388270626521089/photo/1",12,10,Doc,2719,10906,https://pbs.twimg.com/media/CxuM3oZW8AEhO5z.jpg,golden_retriever,True,floofer
2597,685307451701334016,2016-01-08 03:50:03+00:00,Twitter for iPhone,Say hello to Petrick. He's an Altostratus Floofer. Just had a run in with a trash bag. Groovy checkered floor. 11/10 https://t.co/rwW7z1JAOF,https://twitter.com/dog_rates/status/685307451701334016/photo/1,11,10,Petrick,413,1982,https://pbs.twimg.com/media/CYKzfTTWMAEeTN7.jpg,Pomeranian,True,floofer
2179,749317047558017024,2016-07-02 19:01:20+00:00,Twitter for iPhone,This is Blu. He's a wild bush Floofer. I wish anything made me as happy as bushes make Blu. 12/10 would frolic with https://t.co/HHUAnBb6QB,https://twitter.com/dog_rates/status/749317047558017024/video/1,12,10,Blu,2119,5250,https://pbs.twimg.com/ext_tw_video_thumb/749316899712950272/pu/img/nvZI9mkoAxt89sul.jpg,wire-haired_fox_terrier,True,floofer
2254,733822306246479872,2016-05-21 00:50:46+00:00,Twitter for iPhone,This is Moose. He's a Polynesian Floofer. Dapper af. 10/10 would pet diligently https://t.co/mVfqRdppTL,https://twitter.com/dog_rates/status/733822306246479872/photo/1,10,10,Moose,966,3503,https://pbs.twimg.com/media/Ci8Pfg_UUAA2m9i.jpg,Lhasa,True,floofer
2243,737445876994609152,2016-05-31 00:49:32+00:00,Twitter for iPhone,Just wanted to share this super rare Rainbow Floofer in case you guys haven't seen it yet. 13/10 colorful af https://t.co/CaG9MzD3WT,https://twitter.com/dog_rates/status/737445876994609152/photo/1,13,10,None,4201,9747,https://pbs.twimg.com/media/CjvvHBwUoAE55WZ.jpg,Samoyed,True,floofer
3118,882762694511734784,2017-07-06 00:46:41+00:00,Twitter for iPhone,This is Gus. He's quite the cheeky pupper. Already perfected the disinterested wink. 12/10 would let steal my girl https://t.co/D43I96SlVu,https://twitter.com/dog_rates/status/882762694511734784/photo/1,12,10,Gus,4226,25442,https://pbs.twimg.com/media/DEAz_HHXsAA-p_z.jpg,Labrador_retriever,True,pupper
3135,877611172832227328,2017-06-21 19:36:23+00:00,Twitter for iPhone,RT @rachel2195: @dog_rates the boyfriend and his soaking wet pupper h*cking love his new hat 14/10 https://t.co/dJx4Gzc50G,"https://twitter.com/rachel2195/status/876850772322988033/photo/1,https://twitter.com/rachel2195/status/876850772322988033/photo/1,https://twitter.com/rachel2195/status/876850772322988033/photo/1,https://twitter.com/rachel2195/status/876850772322988033/photo/1",14,10,None,70,0,https://pbs.twimg.com/media/DCszHgmW0AAmIpT.jpg,Irish_setter,True,pupper
3139,876838120628539392,2017-06-19 16:24:33+00:00,Twitter for iPhone,This is Ginger. She's having a ruff Monday. Too many pupper things going on. H*ckin exhausting. 12/10 would snug passionately https://t.co/j211oCDRs6,"https://twitter.com/dog_rates/status/876838120628539392/photo/1,https://twitter.com/dog_rates/status/876838120628539392/photo/1",12,10,Ginger,2893,18693,https://pbs.twimg.com/media/DCsnnZsVwAEfkyi.jpg,bloodhound,True,pupper
3146,874296783580663808,2017-06-12 16:06:11+00:00,Twitter for iPhone,This is Jed. He may be the fanciest pupper in the game right now. Knows it too. 13/10 would sign modeling contract https://t.co/0YplNnSMEm,https://twitter.com/dog_rates/status/874296783580663808/photo/1,13,10,Jed,3604,23608,https://pbs.twimg.com/media/DCIgSR0XgAANEOY.jpg,cocker_spaniel,True,pupper
3150,873213775632977920,2017-06-09 16:22:42+00:00,Twitter for iPhone,"This is Sierra. She's one precious pupper. Absolute 12/10. Been in and out of ICU her whole life. Help Sierra below

https://t.co/Xp01EU3qyD https://t.co/V5lkvrGLdQ","https://www.gofundme.com/help-my-baby-sierra-get-better,https://twitter.com/dog_rates/status/873213775632977920/photo/1,https://twitter.com/dog_rates/status/873213775632977920/photo/1",12,10,Sierra,1377,6488,https://pbs.twimg.com/media/DB5HTBGXUAE0TiK.jpg,vizsla,True,pupper
3157,871762521631449091,2017-06-05 16:15:56+00:00,Twitter for iPhone,This is Rover. As part of pupper protocol he had to at least attempt to eat the plant. Confirmed not tasty. Needs peanut butter. 12/10 https://t.co/AiVljI6QCg,"https://twitter.com/dog_rates/status/871762521631449091/photo/1,https://twitter.com/dog_rates/status/871762521631449091/photo/1,https://twitter.com/dog_rates/status/871762521631449091/photo/1",12,10,Rover,3060,18359,https://pbs.twimg.com/media/DBkfY58XcAEdzZy.jpg,Labrador_retriever,True,pupper
3175,866450705531457537,2017-05-22 00:28:40+00:00,Twitter for iPhone,"This is Jamesy. He gives a kiss to every other pupper he sees on his walk. 13/10 such passion, much tender https://t.co/wk7TfysWHr","https://twitter.com/dog_rates/status/866450705531457537/photo/1,https://twitter.com/dog_rates/status/866450705531457537/photo/1",13,10,Jamesy,31253,111695,https://pbs.twimg.com/media/DAZAUfBXcAAG_Nn.jpg,French_bulldog,True,pupper
3212,854120357044912130,2017-04-17 23:52:16+00:00,Twitter for iPhone,Sometimes you guys remind me just how impactful a pupper can be. Cooper will be remembered as a good boy by so many. 14/10 rest easy friend https://t.co/oBL7LEJEzR,"https://twitter.com/dog_rates/status/854120357044912130/photo/1,https://twitter.com/dog_rates/status/854120357044912130/photo/1,https://twitter.com/dog_rates/status/854120357044912130/photo/1,https://twitter.com/dog_rates/status/854120357044912130/photo/1",14,10,None,6836,29974,https://pbs.twimg.com/media/C9px7jyVwAAnmwN.jpg,black-and-tan_coonhound,True,pupper
3224,850019790995546112,2017-04-06 16:18:05+00:00,Twitter for iPhone,Say hello to Boomer. He's a sandy pupper. Having a h*ckin blast. 12/10 would pet passionately https://t.co/ecb3LvExde,"https://twitter.com/dog_rates/status/850019790995546112/photo/1,https://twitter.com/dog_rates/status/850019790995546112/photo/1,https://twitter.com/dog_rates/status/850019790995546112/photo/1",12,10,Boomer,4527,19308,https://pbs.twimg.com/media/C8vgfTsXgAA561h.jpg,Shetland_sheepdog,True,pupper
3261,837820167694528512,2017-03-04 00:21:08+00:00,Twitter for iPhone,"Here's a pupper before and after being asked ""who's a good girl?"" Unsure as h*ck. 12/10 hint hint it's you https://t.co/ORiK6jlgdH","https://twitter.com/dog_rates/status/837820167694528512/photo/1,https://twitter.com/dog_rates/status/837820167694528512/photo/1",12,10,None,7405,32728,https://pbs.twimg.com/media/C6CI_jbVAAA3-a1.jpg,golden_retriever,True,pupper
3263,837110210464448512,2017-03-02 01:20:01+00:00,Twitter for iPhone,This is Clark. He passed pupper training today. Round of appaws for Clark. 13/10 https://t.co/7pUjwe8X6B,https://twitter.com/dog_rates/status/837110210464448512/photo/1,13,10,Clark,2242,15457,https://pbs.twimg.com/media/C54DS1kXQAEU5pS.jpg,Siberian_husky,True,pupper
3328,824325613288833024,2017-01-25 18:38:36+00:00,Twitter for iPhone,Retweet the h*ck out of this 13/10 pupper #BellLetsTalk https://t.co/wBmc7OaGvS,https://twitter.com/dog_rates/status/824325613288833024/photo/1,13,10,None,10175,11478,https://pbs.twimg.com/media/C3CXxaoWQAAiLuC.jpg,Pembroke,True,pupper
3277,833124694597443584,2017-02-19 01:23:00+00:00,Twitter for iPhone,This is Gidget. She's a spy pupper. Stealthy as h*ck. Must've slipped pup and got caught. 12/10 would forgive then pet https://t.co/zD97KYFaFa,"https://twitter.com/dog_rates/status/833124694597443584/photo/1,https://twitter.com/dog_rates/status/833124694597443584/photo/1,https://twitter.com/dog_rates/status/833124694597443584/photo/1",12,10,Gidget,4614,19520,https://pbs.twimg.com/media/C4_ad1IUoAEspsk.jpg,Cardigan,True,pupper
3291,831315979191906304,2017-02-14 01:35:49+00:00,Twitter Web Client,I couldn't make it to the #WKCDogShow BUT I have people there on the ground relaying me the finest pupper pics possible. 13/10 for all https://t.co/jd6lYhfdH4,"https://twitter.com/dog_rates/status/831315979191906304/photo/1,https://twitter.com/dog_rates/status/831315979191906304/photo/1,https://twitter.com/dog_rates/status/831315979191906304/photo/1,https://twitter.com/dog_rates/status/831315979191906304/photo/1",13,10,None,1064,6318,https://pbs.twimg.com/media/C4lst0bXAAE6MP8.jpg,briard,True,pupper
3311,827933404142436356,2017-02-04 17:34:40+00:00,Twitter for iPhone,This is Kona. Yesterday she stopped by the department to see what it takes to be a police pupper. 12/10 vest was only a smidge too big https://t.co/j8D3PQJvpJ,"https://twitter.com/dog_rates/status/827933404142436356/photo/1,https://twitter.com/dog_rates/status/827933404142436356/photo/1,https://twitter.com/dog_rates/status/827933404142436356/photo/1",12,10,Kona,5010,19397,https://pbs.twimg.com/media/C31pCN4UcAAOLNH.jpg,German_shepherd,True,pupper
3104,886366144734445568,2017-07-15 23:25:31+00:00,Twitter for iPhone,This is Roscoe. Another pupper fallen victim to spontaneous tongue ejections. Get the BlepiPen immediate. 12/10 deep breaths Roscoe https://t.co/RGE08MIJox,"https://twitter.com/dog_rates/status/886366144734445568/photo/1,https://twitter.com/dog_rates/status/886366144734445568/photo/1",12,10,Roscoe,2720,19045,https://pbs.twimg.com/media/DE0BTnQUwAApKEH.jpg,French_bulldog,True,pupper
3241,845306882940190720,2017-03-24 16:10:40+00:00,Twitter for iPhone,This is Pickles. She's a silly pupper. Thinks she's a dish. 12/10 would dry https://t.co/7mPCF4ZwEk,https://twitter.com/dog_rates/status/845306882940190720/photo/1,12,10,Pickles,5041,22227,https://pbs.twimg.com/media/C7siH5DXkAACnDT.jpg,Irish_water_spaniel,True,pupper
3338,822462944365645825,2017-01-20 15:17:01+00:00,Twitter for iPhone,"This is Gabe. He was the unequivocal embodiment of a dream meme, but also one h*ck of a pupper. You will be missed by so many. 14/10 RIP https://t.co/M3hZGadUuO","https://twitter.com/dog_rates/status/822462944365645825/photo/1,https://twitter.com/dog_rates/status/822462944365645825/photo/1,https://twitter.com/dog_rates/status/822462944365645825/photo/1,https://twitter.com/dog_rates/status/822462944365645825/photo/1",14,10,Gabe,13650,27036,https://pbs.twimg.com/media/C2n5rUUXEAIXAtv.jpg,Pomeranian,True,pupper
3421,808733504066486276,2016-12-13 18:01:07+00:00,Twitter for iPhone,Here's a pupper in a onesie. Quite pupset about it. Currently plotting revenge. 12/10 would rescue https://t.co/xQfrbNK3HD,https://twitter.com/dog_rates/status/808733504066486276/photo/1,12,10,None,2093,7705,https://pbs.twimg.com/media/Czky0v9VIAEXRkd.jpg,seat_belt,False,pupper
3365,817777686764523521,2017-01-07 16:59:28+00:00,Twitter for iPhone,"This is Dido. She's playing the lead role in ""Pupper Stops to Catch Snow Before Resuming Shadow Box with Dried Apple."" 13/10 (IG: didodoggo) https://t.co/m7isZrOBX7",https://twitter.com/dog_rates/status/817777686764523521/video/1,13,10,Dido,2588,10491,https://pbs.twimg.com/ext_tw_video_thumb/817777588030476288/pu/img/KbuLpE4krHF4VdPf.jpg,curly-coated_retriever,True,pupper
3599,772193107915964416,2016-09-03 22:02:38+00:00,Twitter for iPhone,This is Willem. He's a Penn State pupper. Thinks the hood makes him more intimidating. It doesn't. 12/10 https://t.co/Dp0s7MRIHK,https://twitter.com/dog_rates/status/772193107915964416/photo/1,12,10,Willem,1326,5825,https://pbs.twimg.com/media/Crdhh_1XEAAHKHi.jpg,Pembroke,True,pupper
3380,815966073409433600,2017-01-02 17:00:46+00:00,Twitter for iPhone,Here's a pupper with squeaky hiccups. Please enjoy. 13/10 https://t.co/MiMKtsLN6k,https://twitter.com/dog_rates/status/815966073409433600/video/1,13,10,None,8136,21774,https://pbs.twimg.com/ext_tw_video_thumb/815965888126062592/pu/img/JleSw4wRhgKDWQj5.jpg,Tibetan_mastiff,True,pupper
3383,814986499976527872,2016-12-31 00:08:17+00:00,Twitter for iPhone,This is Cooper. Someone attacked him with a sharpie. Poor pupper. 11/10 nifty tongue slip tho https://t.co/01vpuRDXQ8,https://twitter.com/dog_rates/status/814986499976527872/photo/1,11,10,Cooper,1226,7457,https://pbs.twimg.com/media/C09p5dJWIAE5qKL.jpg,dalmatian,True,pupper
3409,811386762094317568,2016-12-21 01:44:13+00:00,Twitter for iPhone,This is Craig. That's actually a normal sized fence he's stuck on. H*ckin massive pupper. 11/10 someone help him https://t.co/aAUXzoxaBy,https://twitter.com/dog_rates/status/811386762094317568/photo/1,11,10,Craig,6174,20411,https://pbs.twimg.com/media/C0Kf9PtWQAEW4sE.jpg,Pembroke,True,pupper
3424,808106460588765185,2016-12-12 00:29:28+00:00,Twitter for iPhone,Here we have Burke (pupper) and Dexter (doggo). Pupper wants to be exactly like doggo. Both 12/10 would pet at same time https://t.co/ANBpEYHaho,https://twitter.com/dog_rates/status/808106460588765185/photo/1,12,10,None,2137,8614,https://pbs.twimg.com/media/Czb4iFRXgAIUMiN.jpg,golden_retriever,True,pupper
3426,807621403335917568,2016-12-10 16:22:02+00:00,Twitter for iPhone,This is Ollie Vue. He was a 3 legged pupper on a mission to overcome everything. This is very hard to write. 14/10 we will miss you Ollie https://t.co/qTRY2qX9y4,"https://twitter.com/dog_rates/status/807621403335917568/photo/1,https://twitter.com/dog_rates/status/807621403335917568/photo/1,https://twitter.com/dog_rates/status/807621403335917568/photo/1,https://twitter.com/dog_rates/status/807621403335917568/photo/1",14,10,Ollie,3499,14245,https://pbs.twimg.com/media/CzU_YVGUUAA3Xsd.jpg,golden_retriever,True,pupper
3441,803638050916102144,2016-11-29 16:33:36+00:00,Twitter for iPhone,Pupper hath acquire enemy. 13/10 https://t.co/ns9qoElfsX,https://twitter.com/dog_rates/status/803638050916102144/video/1,13,10,None,4022,10703,https://pbs.twimg.com/ext_tw_video_thumb/803638023904559104/pu/img/vxm0Htm5iIV7EOAQ.jpg,Labrador_retriever,True,pupper
3369,817181837579653120,2017-01-06 01:31:47+00:00,Twitter for iPhone,RT @dog_rates: Here's a pupper with squeaky hiccups. Please enjoy. 13/10 https://t.co/MiMKtsLN6k,"https://twitter.com/dog_rates/status/815966073409433600/video/1,https://twitter.com/dog_rates/status/815966073409433600/video/1",13,10,None,8136,0,https://pbs.twimg.com/ext_tw_video_thumb/815965888126062592/pu/img/JleSw4wRhgKDWQj5.jpg,Tibetan_mastiff,True,pupper
3446,802265048156610565,2016-11-25 21:37:47+00:00,Twitter for iPhone,"Like doggo, like pupper version 2. Both 11/10 https://t.co/9IxWAXFqze",https://twitter.com/dog_rates/status/802265048156610565/photo/1,11,10,None,1339,6786,https://pbs.twimg.com/media/CyI3zXgWEAACQfB.jpg,Labrador_retriever,True,pupper
3468,797971864723324932,2016-11-14 01:18:12+00:00,Twitter for iPhone,Here's a helicopter pupper. He takes off at random. H*ckin hard to control. 12/10 rare af https://t.co/GRWPgNKt2z,"https://twitter.com/dog_rates/status/797971864723324932/photo/1,https://twitter.com/dog_rates/status/797971864723324932/photo/1",12,10,None,3008,11305,https://pbs.twimg.com/media/CxL3IWeVEAAAIE2.jpg,American_Staffordshire_terrier,True,pupper
3569,778039087836069888,2016-09-20 01:12:28+00:00,Twitter for iPhone,Evolution of a pupper yawn featuring Max. 12/10 groundbreaking stuff https://t.co/t8Y4x9DmVD,"https://twitter.com/dog_rates/status/778039087836069888/photo/1,https://twitter.com/dog_rates/status/778039087836069888/photo/1,https://twitter.com/dog_rates/status/778039087836069888/photo/1,https://twitter.com/dog_rates/status/778039087836069888/photo/1",12,10,None,2543,8221,https://pbs.twimg.com/media/CswmaHmWAAAbdY9.jpg,German_shepherd,True,pupper
3570,778027034220126208,2016-09-20 00:24:34+00:00,Twitter for iPhone,This is Sophie. She's a Jubilant Bush Pupper. Super h*ckin rare. Appears at random just to smile at the locals. 11.27/10 would smile back https://t.co/QFaUiIHxHq,https://twitter.com/dog_rates/status/778027034220126208/photo/1,27,10,Sophie,1537,6369,https://pbs.twimg.com/media/Cswbc2yWcAAVsCJ.jpg,clumber,True,pupper
3576,776819012571455488,2016-09-16 16:24:19+00:00,Twitter for iPhone,RT @dog_rates: Everybody look at this beautiful pupper 13/10 https://t.co/hyAC5Hq9GC,"https://twitter.com/dog_rates/status/679828447187857408/photo/1,https://twitter.com/dog_rates/status/679828447187857408/photo/1,https://twitter.com/dog_rates/status/679828447187857408/photo/1,https://twitter.com/dog_rates/status/679828447187857408/photo/1,https://twitter.com/dog_rates/status/679828447187857408/photo/1,https://twitter.com/dog_rates/status/679828447187857408/photo/1",13,10,None,13113,0,https://pbs.twimg.com/media/CW88XN4WsAAlo8r.jpg,Chihuahua,True,pupper
3578,776477788987613185,2016-09-15 17:48:25+00:00,Twitter for iPhone,This is Huck. He's addicted to caffeine. Hope it's not too latte to seek help. 11/10 stay strong pupper https://t.co/iJE3F0VozW,"https://twitter.com/dog_rates/status/776477788987613185/photo/1,https://twitter.com/dog_rates/status/776477788987613185/photo/1",11,10,Huck,2654,8519,https://pbs.twimg.com/media/CsaaaaxWgAEfzM7.jpg,Labrador_retriever,True,pupper
3582,775898661951791106,2016-09-14 03:27:11+00:00,Twitter for iPhone,"RT @dog_rates: Like father (doggo), like son (pupper). Both 12/10 https://t.co/pG2inLaOda","https://twitter.com/dog_rates/status/733109485275860992/photo/1,https://twitter.com/dog_rates/status/733109485275860992/photo/1",12,10,None,16075,0,https://pbs.twimg.com/media/CiyHLocU4AI2pJu.jpg,golden_retriever,True,pupper
3591,773547596996571136,2016-09-07 15:44:53+00:00,Twitter for iPhone,This is Chelsea. She forgot how to dog. 11/10 get it together pupper https://t.co/nBJ5RE4yHb,https://twitter.com/dog_rates/status/773547596996571136/photo/1,11,10,Chelsea,5873,21385,https://pbs.twimg.com/media/Crwxb5yWgAAX5P_.jpg,Norwegian_elkhound,True,pupper
3998,699801817392291840,2016-02-17 03:45:29+00:00,Twitter for iPhone,This is Cooper. He began to tear up when his bone was taken from him. 11/10 stay strong pupper https://t.co/qI8yvqKG02,"https://twitter.com/dog_rates/status/699801817392291840/photo/1,https://twitter.com/dog_rates/status/699801817392291840/photo/1,https://twitter.com/dog_rates/status/699801817392291840/photo/1,https://twitter.com/dog_rates/status/699801817392291840/photo/1",11,10,Cooper,891,2883,https://pbs.twimg.com/media/CbYyCMcWIAAHHjF.jpg,golden_retriever,True,pupper
3360,818588835076603904,2017-01-09 22:42:41+00:00,Twitter for iPhone,RT @dog_rates: This is Chelsea. She forgot how to dog. 11/10 get it together pupper https://t.co/nBJ5RE4yHb,"https://twitter.com/dog_rates/status/773547596996571136/photo/1,https://twitter.com/dog_rates/status/773547596996571136/photo/1",11,10,Chelsea,5873,0,https://pbs.twimg.com/media/Crwxb5yWgAAX5P_.jpg,Norwegian_elkhound,True,pupper
3613,770093767776997377,2016-08-29 03:00:36+00:00,Twitter for iPhone,RT @dog_rates: This is just downright precious af. 12/10 for both pupper and doggo https://t.co/o5J479bZUC,"https://twitter.com/dog_rates/status/741067306818797568/photo/1,https://twitter.com/dog_rates/status/741067306818797568/photo/1",12,10,just,2913,0,https://pbs.twimg.com/media/CkjMx99UoAM2B1a.jpg,golden_retriever,True,pupper
3710,750071704093859840,2016-07-04 21:00:04+00:00,Twitter for iPhone,Pause your cookout and admire this pupper's nifty hat. 10/10 https://t.co/RG4C9IdNJM,"https://twitter.com/dog_rates/status/750071704093859840/photo/1,https://twitter.com/dog_rates/status/750071704093859840/photo/1,https://twitter.com/dog_rates/status/750071704093859840/photo/1",10,10,None,3144,7474,https://pbs.twimg.com/media/CmjKOzVWcAAQN6w.jpg,redbone,True,pupper
3654,759793422261743616,2016-07-31 16:50:42+00:00,Twitter for iPhone,"Meet Maggie &amp; Lila. Maggie is the doggo, Lila is the pupper. They are sisters. Both 12/10 would pet at the same time https://t.co/MYwR4DQKll","https://twitter.com/dog_rates/status/759793422261743616/photo/1,https://twitter.com/dog_rates/status/759793422261743616/photo/1",12,10,Maggie,1819,5745,https://pbs.twimg.com/media/CotUFZEWcAA2Pku.jpg,golden_retriever,True,pupper
3812,728035342121635841,2016-05-05 01:35:26+00:00,Twitter for iPhone,This is all I want in my life. 12/10 for super sleepy pupper https://t.co/4RlLA5ObMh,"https://twitter.com/dog_rates/status/728035342121635841/photo/1,https://twitter.com/dog_rates/status/728035342121635841/photo/1",12,10,all,1565,4307,https://pbs.twimg.com/media/ChqARqmWsAEI6fB.jpg,handkerchief,False,pupper
3675,756939218950160384,2016-07-23 19:49:07+00:00,Twitter for iPhone,This is Jax. He is a majestic mountain pupper. Thinks flat ground is for the weak. 12/10 would totally hike with https://t.co/KGdeHuFJnH,https://twitter.com/dog_rates/status/756939218950160384/photo/1,12,10,Jax,1906,6390,https://pbs.twimg.com/media/CoEwMXeWEAAaIz5.jpg,golden_retriever,True,pupper
3680,755955933503782912,2016-07-21 02:41:54+00:00,Twitter for iPhone,Here's a frustrated pupper attempting to escape a pool of Frosted Flakes. 12/10 https://t.co/GAYViEweWr,https://twitter.com/dog_rates/status/755955933503782912/video/1,12,10,None,2724,7018,https://pbs.twimg.com/ext_tw_video_thumb/755955658164465664/pu/img/YcjfthN7C3z61GUj.jpg,Pekinese,True,pupper
3699,751456908746354688,2016-07-08 16:44:23+00:00,Twitter for iPhone,Here's a pupper that's very hungry but too lazy to get up and eat. 12/10 (vid by @RealDavidCortes) https://t.co/lsVAMBq6ex,https://twitter.com/dog_rates/status/751456908746354688/video/1,12,10,None,951,3092,https://pbs.twimg.com/ext_tw_video_thumb/751456786360725504/pu/img/hWqfIQ29A0cBv6f_.jpg,golden_retriever,True,pupper
3703,750868782890057730,2016-07-07 01:47:22+00:00,Twitter for iPhone,Meet Milo. He hauled ass until he ran out of treadmill and then passed out from exhaustion. 11/10 sleep tight pupper https://t.co/xe1aGZNkcC,"https://twitter.com/dog_rates/status/750868782890057730/photo/1,https://twitter.com/dog_rates/status/750868782890057730/photo/1,https://twitter.com/dog_rates/status/750868782890057730/photo/1,https://twitter.com/dog_rates/status/750868782890057730/photo/1",11,10,Milo,1291,4592,https://pbs.twimg.com/media/CmufLLsXYAAsU0r.jpg,toy_poodle,True,pupper
3995,700151421916807169,2016-02-18 02:54:41+00:00,Twitter for iPhone,If a pupper gave that to me I'd probably start shaking and faint from all the joy. 11/10 https://t.co/o9aJVPB25n,https://twitter.com/dog_rates/status/700151421916807169/photo/1,11,10,None,637,2136,https://pbs.twimg.com/media/CbdwATgWwAABGID.jpg,tennis_ball,False,pupper
3716,749417653287129088,2016-07-03 01:41:06+00:00,Twitter for iPhone,This is Finn. He's the most unphotogenic pupper of all time. 11/10 https://t.co/qvA2rCUl6v,"https://twitter.com/dog_rates/status/749417653287129088/photo/1,https://twitter.com/dog_rates/status/749417653287129088/photo/1,https://twitter.com/dog_rates/status/749417653287129088/photo/1,https://twitter.com/dog_rates/status/749417653287129088/photo/1",11,10,Finn,1555,5863,https://pbs.twimg.com/media/CmZ3YH9WEAAowi3.jpg,papillon,True,pupper
3728,747963614829678593,2016-06-29 01:23:16+00:00,Twitter for iPhone,PUPPER NOOOOO BEHIND YOUUU 10/10 pls keep this pupper in your thoughts https://t.co/ZPfeRtOX0Q,https://twitter.com/dog_rates/status/747963614829678593/photo/1,10,10,None,2026,5547,https://pbs.twimg.com/media/CmFM7ngXEAEitfh.jpg,kelpie,True,pupper
3706,750383411068534784,2016-07-05 17:38:41+00:00,Twitter for iPhone,This is Zoe. She was trying to stealthily take a picture of you but you just noticed. 9/10 not so sneaky pupper https://t.co/FfH3o88Vta,https://twitter.com/dog_rates/status/750383411068534784/photo/1,9,10,Zoe,1082,4374,https://pbs.twimg.com/media/CmnluwbXEAAqnkw.jpg,Border_collie,True,pupper
3760,742150209887731712,2016-06-13 00:22:53+00:00,Twitter for iPhone,This is Edmund. He sends stellar selfies. Cute af. 8/10 would totally snapchat with this pupper https://t.co/PprXoqZuKY,https://twitter.com/dog_rates/status/742150209887731712/photo/1,8,10,Edmund,1458,4856,https://pbs.twimg.com/media/CkylrVWWsAAiXJE.jpg,Siamese_cat,False,pupper
3762,741743634094141440,2016-06-11 21:27:17+00:00,Twitter for iPhone,Meet Aqua. She's a sandy pupper. Not sure how she feels about being so sandy. Radical tongue slip. 11/10 petable af https://t.co/rYxJ0UQtbE,"https://twitter.com/dog_rates/status/741743634094141440/photo/1,https://twitter.com/dog_rates/status/741743634094141440/photo/1,https://twitter.com/dog_rates/status/741743634094141440/photo/1",11,10,Aqua,2591,7789,https://pbs.twimg.com/media/Cksz42EW0AAh2NF.jpg,Labrador_retriever,True,pupper
3765,741067306818797568,2016-06-10 00:39:48+00:00,Twitter for iPhone,This is just downright precious af. 12/10 for both pupper and doggo https://t.co/o5J479bZUC,https://twitter.com/dog_rates/status/741067306818797568/photo/1,12,10,just,2913,9102,https://pbs.twimg.com/media/CkjMx99UoAM2B1a.jpg,golden_retriever,True,pupper
3767,740676976021798912,2016-06-08 22:48:46+00:00,Twitter for iPhone,"Meet Baloo. He's expecting a fast ground ball, hence the wide stance. Prepared af. 11/10 nothing runs like a pupper https://t.co/sMbMw5Z2XC",https://twitter.com/dog_rates/status/740676976021798912/photo/1,11,10,Baloo,6442,17306,https://pbs.twimg.com/media/Ckdpx5KWsAANF6b.jpg,wombat,False,pupper
3772,739606147276148736,2016-06-05 23:53:41+00:00,Twitter for iPhone,Meet Benji. He just turned 1. Has already given up on a traditional pupper physique. Just inhaled that thing. 9/10 https://t.co/sLUC4th3Zj,"https://twitter.com/dog_rates/status/739606147276148736/photo/1,https://twitter.com/dog_rates/status/739606147276148736/photo/1,https://twitter.com/dog_rates/status/739606147276148736/photo/1",9,10,Benji,1557,5144,https://pbs.twimg.com/media/CkOb3FXW0AAUL_U.jpg,Blenheim_spaniel,True,pupper
3785,736365877722001409,2016-05-28 01:18:00+00:00,Twitter for iPhone,This is Rory. He's extremely impatient. 11/10 settle down pupper https://t.co/e3tfXJLi40,"https://twitter.com/dog_rates/status/736365877722001409/photo/1,https://twitter.com/dog_rates/status/736365877722001409/photo/1,https://twitter.com/dog_rates/status/736365877722001409/photo/1,https://twitter.com/dog_rates/status/736365877722001409/photo/1",11,10,Rory,1163,3787,https://pbs.twimg.com/media/CjgYyuvWkAAHU8g.jpg,cup,False,pupper
3790,735137028879360001,2016-05-24 15:55:00+00:00,Twitter for iPhone,Meet Buckley. His family &amp; some neighbors came over to watch him perform but he's nervous af. 9/10 u got this pupper https://t.co/5bdCpPlno9,https://twitter.com/dog_rates/status/735137028879360001/photo/1,9,10,Buckley,918,2974,https://pbs.twimg.com/media/CjO7OfeWgAAUQy-.jpg,Walker_hound,True,pupper
3756,743222593470234624,2016-06-15 23:24:09+00:00,Twitter for iPhone,This is a very rare Great Alaskan Bush Pupper. Hard to stumble upon without spooking. 12/10 would pet passionately https://t.co/xOBKCdpzaa,https://twitter.com/dog_rates/status/743222593470234624/photo/1,12,10,a,1810,5923,https://pbs.twimg.com/media/ClB09z0WYAAA1jz.jpg,kuvasz,True,pupper
3802,730573383004487680,2016-05-12 01:40:42+00:00,Twitter for iPhone,This is Rooney. He can't comprehend glass. 10/10 it'll be ok pupper https://t.co/CnUl2uDBBV,"https://twitter.com/dog_rates/status/730573383004487680/photo/1,https://twitter.com/dog_rates/status/730573383004487680/photo/1,https://twitter.com/dog_rates/status/730573383004487680/photo/1",10,10,Rooney,1999,4615,https://pbs.twimg.com/media/CiOEnI6WgAAmq4E.jpg,American_Staffordshire_terrier,True,pupper
3451,801115127852503040,2016-11-22 17:28:25+00:00,Twitter for iPhone,This is Bones. He's being haunted by another doggo of roughly the same size. 12/10 deep breaths pupper everything's fine https://t.co/55Dqe0SJNj,"https://twitter.com/dog_rates/status/801115127852503040/photo/1,https://twitter.com/dog_rates/status/801115127852503040/photo/1",12,10,Bones,2036,7890,https://pbs.twimg.com/media/Cx4h7zHUsAAqaJd.jpg,dalmatian,True,pupper
3935,707411934438625280,2016-03-09 03:45:22+00:00,Twitter for iPhone,"""I shall trip the big pupper with leash. Big pupper will never see it coming. I am a genius."" Both 11/10 https://t.co/uQsCJ8pf51",https://twitter.com/dog_rates/status/707411934438625280/photo/1,11,10,None,566,2197,https://pbs.twimg.com/media/CdE7ZktXIAEiWLj.jpg,Lakeland_terrier,True,pupper
3816,727524757080539137,2016-05-03 15:46:33+00:00,Twitter for iPhone,This pupper had to undergo emergency haircut surgery so he could hear again. 10/10 miraculous af https://t.co/fUyDIFkBwx,"https://twitter.com/dog_rates/status/727524757080539137/photo/1,https://twitter.com/dog_rates/status/727524757080539137/photo/1",10,10,None,1139,4241,https://pbs.twimg.com/media/Chiv6BAW4AAiQvH.jpg,Pomeranian,True,pupper
3817,727314416056803329,2016-05-03 01:50:44+00:00,Twitter for iPhone,This pupper was about to explain where that dirt came from but then decided against it. 11/10 https://t.co/SbaelU6zRs,"https://twitter.com/dog_rates/status/727314416056803329/photo/1,https://twitter.com/dog_rates/status/727314416056803329/photo/1,https://twitter.com/dog_rates/status/727314416056803329/photo/1",11,10,None,702,3171,https://pbs.twimg.com/media/Chfwmd9U4AQTf1b.jpg,toy_poodle,True,pupper
3824,725786712245440512,2016-04-28 20:40:11+00:00,Twitter for iPhone,Say hello to Lillie. She's a Rutabagan Floofem. Poor pupper ate and then passed out. 11/10 relatable af https://t.co/uIdGqug9rw,https://twitter.com/dog_rates/status/725786712245440512/photo/1,11,10,Lillie,1290,3963,https://pbs.twimg.com/media/ChKDKmIWIAIJP_e.jpg,chow,True,pupper
3828,724405726123311104,2016-04-25 01:12:38+00:00,Twitter for iPhone,This is Ashleigh. She's having Coachella withdrawals. Didn't even go tho. 10/10 stay strong pupper https://t.co/nRUaKWnJfH,https://twitter.com/dog_rates/status/724405726123311104/photo/1,10,10,Ashleigh,1567,5015,https://pbs.twimg.com/media/Cg2bKLAWwAA0WEm.jpg,golden_retriever,True,pupper
3831,724004602748780546,2016-04-23 22:38:43+00:00,Twitter for iPhone,This is Luther. He saw a ghost. Spooked af. 11/10 hang in there pupper https://t.co/EdKG43VvEl,"https://twitter.com/dog_rates/status/724004602748780546/photo/1,https://twitter.com/dog_rates/status/724004602748780546/photo/1,https://twitter.com/dog_rates/status/724004602748780546/photo/1",11,10,Luther,1442,3962,https://pbs.twimg.com/media/CgwuWCeW4AAsgbD.jpg,Siamese_cat,False,pupper
3859,717009362452090881,2016-04-04 15:22:08+00:00,Twitter for iPhone,This is Smokey. He's having some sort of existential crisis. 10/10 hang in there pupper https://t.co/JmgF4dMpw0,https://twitter.com/dog_rates/status/717009362452090881/photo/1,10,10,Smokey,901,3077,https://pbs.twimg.com/media/CfNUNetW8AAekHx.jpg,Siberian_husky,True,pupper
3894,711008018775851008,2016-03-19 01:54:56+00:00,Twitter for iPhone,This is Chuckles. He had a balloon but he accidentally let go of it and it floated away. 11/10 hang in there pupper https://t.co/68iNM7B5gW,https://twitter.com/dog_rates/status/711008018775851008/photo/1,11,10,Chuckles,578,2844,https://pbs.twimg.com/media/Cd4CBQFW8AAY3ND.jpg,French_bulldog,True,pupper
3904,710117014656950272,2016-03-16 14:54:24+00:00,Twitter for iPhone,This pupper got her hair chalked for her birthday. Hasn't told her parents yet. Rebellious af. 11/10 very nifty https://t.co/h1OX2mLtxV,"https://twitter.com/dog_rates/status/710117014656950272/photo/1,https://twitter.com/dog_rates/status/710117014656950272/photo/1",11,10,None,1862,5182,https://pbs.twimg.com/media/CdrXp9dWoAAcRfn.jpg,toy_poodle,True,pupper
3917,708845821941387268,2016-03-13 02:43:08+00:00,Twitter for iPhone,Here's a pupper with magic eyes. Not wearing a seat belt tho (irresponsible af). Very distracting to driver. 9/10 https://t.co/5DLJB4ssvI,"https://twitter.com/dog_rates/status/708845821941387268/photo/1,https://twitter.com/dog_rates/status/708845821941387268/photo/1",9,10,None,839,2827,https://pbs.twimg.com/media/CdZTgynWwAATZcx.jpg,schipperke,True,pupper
3634,765371061932261376,2016-08-16 02:14:15+00:00,Twitter for iPhone,This is Louie. He's had a long day. Did a lot of pupper things. Also appears to be rather heckin pettable. 11/10 https://t.co/w2qDmoTIZ5,"https://twitter.com/dog_rates/status/765371061932261376/photo/1,https://twitter.com/dog_rates/status/765371061932261376/photo/1",11,10,Louie,2075,6837,https://pbs.twimg.com/media/Cp8k6oRWcAUL78U.jpg,golden_retriever,True,pupper
3938,707315916783140866,2016-03-08 21:23:50+00:00,Twitter for iPhone,This is Finnegus. He's trapped in a snow globe. Poor pupper. 10/10 would make sure no one shook it https://t.co/BjpOa52jQ4,"https://twitter.com/dog_rates/status/707315916783140866/photo/1,https://twitter.com/dog_rates/status/707315916783140866/photo/1",10,10,Finnegus,598,2359,https://pbs.twimg.com/media/CdDkEkHWwAAAeUJ.jpg,Bernese_mountain_dog,True,pupper
3948,706310011488698368,2016-03-06 02:46:44+00:00,Twitter for iPhone,Here's a very sleepy pupper. Thinks it's an airplane. 12/10 would snug for eternity https://t.co/GGmcTIkBbf,"https://twitter.com/dog_rates/status/706310011488698368/photo/1,https://twitter.com/dog_rates/status/706310011488698368/photo/1",12,10,None,7421,20198,https://pbs.twimg.com/media/Cc1RNHLW4AACG6H.jpg,Pembroke,True,pupper
3952,705975130514706432,2016-03-05 04:36:02+00:00,Twitter for iPhone,This is Adele. Her tongue flies out of her mouth at random. It's a debilitating illness. 10/10 stay strong pupper https://t.co/cfn81n3FLO,"https://twitter.com/dog_rates/status/705975130514706432/photo/1,https://twitter.com/dog_rates/status/705975130514706432/photo/1",10,10,Adele,685,2952,https://pbs.twimg.com/media/CcwgjmuXIAEQoSd.jpg,Staffordshire_bullterrier,True,pupper
3955,705786532653883392,2016-03-04 16:06:36+00:00,Twitter for iPhone,"Seriously, add us  11/10 for sad wet pupper https://t.co/xwPE9faVZR",https://twitter.com/dog_rates/status/705786532653883392/photo/1,11,10,None,486,1842,https://pbs.twimg.com/media/Cct1G6vVAAI9ZjF.jpg,web_site,False,pupper
3965,704761120771465216,2016-03-01 20:11:59+00:00,Twitter for iPhone,This pupper killed this great white in an epic sea battle. Now wears it as a trophy. Such brave. Much fierce. 13/10 https://t.co/Lu0ECu5tO5,"https://twitter.com/dog_rates/status/704761120771465216/photo/1,https://twitter.com/dog_rates/status/704761120771465216/photo/1",13,10,None,2741,6324,https://pbs.twimg.com/media/CcfQgHVWoAAxauy.jpg,Siamese_cat,False,pupper
3971,703611486317502464,2016-02-27 16:03:45+00:00,Twitter for iPhone,Meet Scooter. He's experiencing the pupper equivalent of dropping ur phone in a toilet 10/10 put it in some rice pup https://t.co/JSmX1FIEaW,https://twitter.com/dog_rates/status/703611486317502464/photo/1,10,10,Scooter,1440,3659,https://pbs.twimg.com/media/CcO66OjXEAASXmH.jpg,Pembroke,True,pupper
3985,701545186879471618,2016-02-21 23:13:01+00:00,Twitter for iPhone,Meet Millie. She's practicing her dive form for Rio. It's nearly perfect. Dedicated af. 10/10 go for gold pupper https://t.co/SDVkc4m96M,https://twitter.com/dog_rates/status/701545186879471618/photo/1,10,10,Millie,577,2539,https://pbs.twimg.com/media/CbxjnyOWAAAWLUH.jpg,Border_collie,True,pupper
3988,700864154249383937,2016-02-20 02:06:50+00:00,Twitter for iPhone,"""Pupper is a present to world. Here is a bow for pupper."" 12/10 precious as hell https://t.co/ItSsE92gCW",https://twitter.com/dog_rates/status/700864154249383937/photo/1,12,10,a,591,2474,https://pbs.twimg.com/media/Cbn4OqKWwAADGWt.jpg,kuvasz,True,pupper
3813,728015554473250816,2016-05-05 00:16:48+00:00,Twitter for iPhone,This is Rueben. He has reached ultimate pupper zen state. 11/10 tranquil af https://t.co/Z167HgtnBi,https://twitter.com/dog_rates/status/728015554473250816/photo/1,11,10,Rueben,1034,3916,https://pbs.twimg.com/media/ChpuRyvVAAARMoq.jpg,cocker_spaniel,True,pupper
3795,733109485275860992,2016-05-19 01:38:16+00:00,Twitter for iPhone,"Like father (doggo), like son (pupper). Both 12/10 https://t.co/pG2inLaOda",https://twitter.com/dog_rates/status/733109485275860992/photo/1,12,10,None,16075,50769,https://pbs.twimg.com/media/CiyHLocU4AI2pJu.jpg,golden_retriever,True,pupper
4212,679828447187857408,2015-12-24 00:58:27+00:00,Twitter for iPhone,Everybody look at this beautiful pupper 13/10 https://t.co/hyAC5Hq9GC,"https://twitter.com/dog_rates/status/679828447187857408/photo/1,https://twitter.com/dog_rates/status/679828447187857408/photo/1,https://twitter.com/dog_rates/status/679828447187857408/photo/1",13,10,None,13113,34254,https://pbs.twimg.com/media/CW88XN4WsAAlo8r.jpg,Chihuahua,True,pupper
4320,674774481756377088,2015-12-10 02:15:47+00:00,Twitter for iPhone,This is Superpup. His head isn't proportional to his body. Has yet to serve any justice. 11/10 maybe one day pupper https://t.co/gxIFgg8ktm,https://twitter.com/dog_rates/status/674774481756377088/photo/1,11,10,Superpup,431,1018,https://pbs.twimg.com/media/CV1HztsWoAAuZwo.jpg,Chihuahua,True,pupper
4034,696713835009417216,2016-02-08 15:14:57+00:00,Twitter for iPhone,This is Trevith. He's a Swiss Mountain Roadwoof. Breeze too powerful. 9/10 stay strong pupper https://t.co/6J8Ibwy1X6,https://twitter.com/dog_rates/status/696713835009417216/photo/1,9,10,Trevith,612,2255,https://pbs.twimg.com/media/Cas5h-wWcAA3nAc.jpg,car_mirror,False,pupper
4043,695095422348574720,2016-02-04 04:03:57+00:00,Twitter for iPhone,This is just a beautiful pupper good shit evolution. 12/10 https://t.co/2L8pI0Z2Ib,https://twitter.com/dog_rates/status/695095422348574720/photo/1,12,10,just,578,2525,https://pbs.twimg.com/media/CaV5mRDXEAAR8iG.jpg,papillon,True,pupper
4044,695074328191332352,2016-02-04 02:40:08+00:00,Twitter for iPhone,This is Lorenzo. He's educated af. Just graduated college. 11/10 poor pupper can't even comprehend his debt https://t.co/dH3GzcjCtQ,https://twitter.com/dog_rates/status/695074328191332352/photo/1,11,10,Lorenzo,1032,2697,https://pbs.twimg.com/media/CaVmajOWYAA1uNG.jpg,Shih-Tzu,True,pupper
4046,694356675654983680,2016-02-02 03:08:26+00:00,Twitter for iPhone,"This pupper only appears through the hole of a Funyun. Much like Phineas, this one is also mysterious af. 10/10 https://t.co/SQsEBWxPyG",https://twitter.com/dog_rates/status/694356675654983680/photo/1,10,10,None,269,1433,https://pbs.twimg.com/media/CaLZtmsWQAApbFw.jpg,hamster,False,pupper
4048,694329668942569472,2016-02-02 01:21:07+00:00,Twitter for iPhone,Meet Grady. He's very hungry. Too bad no one can find his food bowl. 9/10 poor pupper https://t.co/oToIkYnEGn,https://twitter.com/dog_rates/status/694329668942569472/photo/1,9,10,Grady,472,1898,https://pbs.twimg.com/media/CaLBJmOWYAQt44t.jpg,boxer,True,pupper
4054,693629975228977152,2016-01-31 03:00:47+00:00,Twitter for iPhone,This pupper is afraid of its own feet. 12/10 would comfort https://t.co/Tn9Mp0oPoJ,"https://twitter.com/dog_rates/status/693629975228977152/photo/1,https://twitter.com/dog_rates/status/693629975228977152/photo/1",12,10,None,751,2338,https://pbs.twimg.com/media/CaBEx3SWEAILZpi.jpg,pug,True,pupper
4057,693262851218264065,2016-01-30 02:41:58+00:00,Twitter for iPhone,I hope you guys enjoy this beautiful snowy pupper as much as I did. 11/10 https://t.co/DYUsHtL2aR,https://twitter.com/dog_rates/status/693262851218264065/photo/1,11,10,None,467,2093,https://pbs.twimg.com/media/CZ724fDUYAAytS-.jpg,golden_retriever,True,pupper
4202,680473011644985345,2015-12-25 19:39:43+00:00,Twitter for iPhone,"This is Hector. He thinks he's a hammer. Silly Hector. You're a pupper, not a hammer. 10/10 https://t.co/OdUFuZIXiI",https://twitter.com/dog_rates/status/680473011644985345/photo/1,10,10,Hector,708,2413,https://pbs.twimg.com/media/CXGGlzvWYAArPfk.jpg,Lakeland_terrier,True,pupper
4062,692905862751522816,2016-01-29 03:03:25+00:00,Twitter for iPhone,This is Wally. He's being abducted by aliens. 10/10 poor pupper https://t.co/EiF659Bgjn,https://twitter.com/dog_rates/status/692905862751522816/photo/1,10,10,Wally,824,2315,https://pbs.twimg.com/media/CZ2yNKhWEAA_7cb.jpg,Mexican_hairless,True,pupper
4083,690015576308211712,2016-01-21 03:38:27+00:00,Twitter for iPhone,This pupper can only sleep on shoes. It's a crippling disease. Tearing his family apart. 12/10 I'd totally pet tho https://t.co/03XlvS8izg,"https://twitter.com/dog_rates/status/690015576308211712/photo/1,https://twitter.com/dog_rates/status/690015576308211712/photo/1",12,10,None,689,2374,https://pbs.twimg.com/media/CZNtgWhWkAAbq3W.jpg,malamute,True,pupper
4087,689905486972461056,2016-01-20 20:21:00+00:00,Twitter for iPhone,"Say hello to Gizmo. He's quite the pupper. Confused by bed, but agile af. Can barely catch on camera. 11/10 so quick https://t.co/IE4ZblyZRY","https://twitter.com/dog_rates/status/689905486972461056/photo/1,https://twitter.com/dog_rates/status/689905486972461056/photo/1,https://twitter.com/dog_rates/status/689905486972461056/photo/1,https://twitter.com/dog_rates/status/689905486972461056/photo/1",11,10,Gizmo,653,2340,https://pbs.twimg.com/media/CZMJYCRVAAE35Wk.jpg,Pomeranian,True,pupper
4098,689143371370250240,2016-01-18 17:52:38+00:00,Twitter for iPhone,Meet Trip. He likes wearing costumes that aren't consistent with the season to screw with people 10/10 tricky pupper https://t.co/40w7TI5Axv,https://twitter.com/dog_rates/status/689143371370250240/photo/1,10,10,Trip,471,1930,https://pbs.twimg.com/media/CZBUO2UWsAAKehS.jpg,English_springer,True,pupper
4103,688519176466644993,2016-01-17 00:32:18+00:00,Twitter for iPhone,This pupper is sprouting a flower out of her head. 12/10 revolutionary af https://t.co/glmvQBRjv4,https://twitter.com/dog_rates/status/688519176466644993/photo/1,12,10,None,687,2218,https://pbs.twimg.com/media/CY4ciRFUMAAovos.jpg,Pembroke,True,pupper
4108,687818504314159109,2016-01-15 02:08:05+00:00,Twitter for iPhone,With great pupper comes great responsibility. 12/10 https://t.co/hK6xB042EP,https://twitter.com/dog_rates/status/687818504314159109/photo/1,12,10,None,901,2374,https://pbs.twimg.com/media/CYufR8_WQAAWCqo.jpg,Lakeland_terrier,True,pupper
4110,687704180304273409,2016-01-14 18:33:48+00:00,Twitter for iPhone,Say hello to Blakely. He thinks that's a hat. Silly pupper. That's a nanner. 9/10 https://t.co/UwOV1jqKRt,https://twitter.com/dog_rates/status/687704180304273409/photo/1,9,10,Blakely,791,2318,https://pbs.twimg.com/media/CYs3TKzUAAAF9A2.jpg,miniature_pinscher,True,pupper
4116,687312378585812992,2016-01-13 16:36:55+00:00,Twitter for iPhone,"""You got any games on your phone"" 7/10 for invasive brown Dalmatian pupper https://t.co/yzGR9xjE9Q",https://twitter.com/dog_rates/status/687312378585812992/photo/1,7,10,None,1789,4151,https://pbs.twimg.com/media/CYnS9VWW8AAeR8m.jpg,seat_belt,False,pupper
4003,699434518667751424,2016-02-16 03:25:58+00:00,Twitter for iPhone,I know this is a tad late but here's a wonderful Valentine's Day pupper 12/10 https://t.co/hTE2PEwGvi,https://twitter.com/dog_rates/status/699434518667751424/photo/1,12,10,None,484,2072,https://pbs.twimg.com/media/CbTj--1XEAIZjc_.jpg,golden_retriever,True,pupper
4119,687096057537363968,2016-01-13 02:17:20+00:00,Twitter for iPhone,This pupper's New Year's resolution was to become a Hershey's kiss. 11/10 she's super pumped about it https://t.co/D7jYj6vdwC,https://twitter.com/dog_rates/status/687096057537363968/photo/1,11,10,None,572,2134,https://pbs.twimg.com/media/CYkON6CVAAAPXAc.jpg,Labrador_retriever,True,pupper
4024,697596423848730625,2016-02-11 01:42:02+00:00,Twitter for iPhone,Here's a pupper with a piece of pizza. Two of everybody's favorite things in one photo. 11/10 https://t.co/5USjFjKI7Z,https://twitter.com/dog_rates/status/697596423848730625/photo/1,11,10,None,1186,2868,https://pbs.twimg.com/media/Ca5cPrJXIAImHtD.jpg,Shetland_sheepdog,True,pupper
4122,686618349602762752,2016-01-11 18:39:05+00:00,Twitter for iPhone,This is Olivia. She just saw an adult wearing crocs. 11/10 poor pupper. No one should witness such a thing https://t.co/yJVTi1DjJc,https://twitter.com/dog_rates/status/686618349602762752/photo/1,11,10,Olivia,1282,3529,https://pbs.twimg.com/media/CYdbvwjWcAEtjYu.jpg,Rottweiler,True,pupper
4129,686007916130873345,2016-01-10 02:13:27+00:00,Twitter for iPhone,This pupper has a magical eye. 11/10 I can't stop looking at it https://t.co/heAGpKTpPW,https://twitter.com/dog_rates/status/686007916130873345/photo/1,11,10,None,381,2359,https://pbs.twimg.com/media/CYUwjz-UAAEcdi8.jpg,Rhodesian_ridgeback,True,pupper
4131,685943807276412928,2016-01-09 21:58:42+00:00,Twitter for iPhone,This is the newly formed pupper a capella group. They're just starting out but I see tons of potential. 8/10 for all https://t.co/wbAcvFoNtn,https://twitter.com/dog_rates/status/685943807276412928/video/1,8,10,the,554,1549,https://pbs.twimg.com/ext_tw_video_thumb/685943751555051520/pu/img/rlBvQWaFPUMx1MTi.jpg,papillon,True,pupper
4133,685641971164143616,2016-01-09 01:59:19+00:00,Twitter for iPhone,This is Otis. He just passed a cop while going 61 in a 45. Very nervous pupper. 7/10 https://t.co/jJS8qQeuNO,https://twitter.com/dog_rates/status/685641971164143616/photo/1,7,10,Otis,721,2774,https://pbs.twimg.com/media/CYPjvFqW8AAgiP2.jpg,Lakeland_terrier,True,pupper
4138,685268753634967552,2016-01-08 01:16:17+00:00,Twitter for iPhone,This is Hubertson. He's a Carmel Haberdashery. Enjoys long summer days on his boat. Very peaceful pupper. 10/10 https://t.co/vzCl35fKlZ,https://twitter.com/dog_rates/status/685268753634967552/photo/1,10,10,Hubertson,1127,2947,https://pbs.twimg.com/media/CYKQS0xUQAEOptC.jpg,pug,True,pupper
4139,685169283572338688,2016-01-07 18:41:01+00:00,Twitter for iPhone,Meet Gerbald. He just found out he's adopted. Poor pupper. Snazzy tongue tho. 11/10 would hold close in time of need https://t.co/UfGkB9Wrud,https://twitter.com/dog_rates/status/685169283572338688/photo/1,11,10,Gerbald,1340,3915,https://pbs.twimg.com/media/CYI10WhWsAAjzii.jpg,Bernese_mountain_dog,True,pupper
4156,683834909291606017,2016-01-04 02:18:42+00:00,Twitter for iPhone,Here we see a faulty pupper. Might need to replace batteries. Try turning off &amp; back on again. 9/10 would still pet https://t.co/O1E4AtHVxO,https://twitter.com/dog_rates/status/683834909291606017/video/1,9,10,None,1060,2503,https://pbs.twimg.com/ext_tw_video_thumb/683834825250320385/pu/img/yZdrqMlyky4KGOu6.jpg,Maltese_dog,True,pupper
4157,683828599284170753,2016-01-04 01:53:37+00:00,Twitter for iPhone,Breathtaking pupper here. Should be on the cover of Dogue. Top-notch tongue. Appears considerably fluffy. 12/10 https://t.co/Eeh3yfdglS,https://twitter.com/dog_rates/status/683828599284170753/photo/1,12,10,None,1000,2676,https://pbs.twimg.com/media/CX1ye7HUMAADDzh.jpg,malamute,True,pupper
4161,683481228088049664,2016-01-03 02:53:17+00:00,Twitter for iPhone,Meet Banjo. He's a Peppercorn Shoop Da Whoop. Nails look lethal. Skeptical of luminescent orb 11/10 stay woke pupper https://t.co/H7NZFumpKq,https://twitter.com/dog_rates/status/683481228088049664/photo/1,11,10,Banjo,946,2540,https://pbs.twimg.com/media/CXw2jSpWMAAad6V.jpg,keeshond,True,pupper
4166,683142553609318400,2016-01-02 04:27:31+00:00,Twitter for iPhone,Meet Brandy. She's a member of the Bloods. Menacing criminal pupper. Soft spot for flowers tho. 9/10 pet w caution https://t.co/hhIA3coiAJ,https://twitter.com/dog_rates/status/683142553609318400/photo/1,9,10,Brandy,983,2733,https://pbs.twimg.com/media/CXsChyjW8AQJ16C.jpg,Leonberg,True,pupper
4167,683111407806746624,2016-01-02 02:23:45+00:00,Twitter for iPhone,This is Larry. He thought the New Year's parties were tonight. 10/10 poor pupper. Maybe next year https://t.co/h3X0jK8MVM,https://twitter.com/dog_rates/status/683111407806746624/photo/1,10,10,Larry,856,3233,https://pbs.twimg.com/media/CXrmMSpUwAAdeRj.jpg,cocker_spaniel,True,pupper
4169,683078886620553216,2016-01-02 00:14:32+00:00,Twitter for iPhone,Here we see a nifty leaping pupper. Feet look deadly. Sad that the holidays are over. 9/10 undeniably huggable https://t.co/ny8mnXhGOW,https://twitter.com/dog_rates/status/683078886620553216/photo/1,9,10,None,536,1902,https://pbs.twimg.com/media/CXrIntsUsAEkv0d.jpg,koala,False,pupper
4181,681694085539872773,2015-12-29 04:31:49+00:00,Twitter for iPhone,This is Bo. He's a Benedoop Cumbersnatch. Seems frustrated with own feet. Portable as hell. 11/10 very solid pupper https://t.co/TONMhRoQh7,https://twitter.com/dog_rates/status/681694085539872773/photo/1,11,10,Bo,3819,12186,https://pbs.twimg.com/media/CXXdJ7CVAAALu23.jpg,toy_poodle,True,pupper
4182,681654059175129088,2015-12-29 01:52:46+00:00,Twitter for iPhone,This is Toffee. He's a happy pupper. Appears dangerously fluffy. Extraordinarily spherical. 12/10 would pet firmly https://t.co/oEXEKt3MHu,https://twitter.com/dog_rates/status/681654059175129088/photo/1,12,10,Toffee,849,2497,https://pbs.twimg.com/media/CXW4wGHWsAE_eBD.jpg,Pomeranian,True,pupper
4191,681231109724700672,2015-12-27 21:52:07+00:00,Twitter for iPhone,I just love this pic. 11/10 this pupper is going places https://t.co/P16uhh1PbI,https://twitter.com/dog_rates/status/681231109724700672/photo/1,11,10,None,458,2299,https://pbs.twimg.com/media/CXQ4EwQWwAEVaUf.jpg,Irish_setter,True,pupper
4198,680836378243002368,2015-12-26 19:43:36+00:00,Twitter for iPhone,This is Ellie. She's secretly ferocious. 12/10 very deadly pupper https://t.co/BF4BW8LUgb,"https://twitter.com/dog_rates/status/680836378243002368/photo/1,https://twitter.com/dog_rates/status/680836378243002368/photo/1,https://twitter.com/dog_rates/status/680836378243002368/photo/1",12,10,Ellie,1246,3284,https://pbs.twimg.com/media/CXLREjOW8AElfk6.jpg,Pembroke,True,pupper
4125,686377065986265092,2016-01-11 02:40:19+00:00,Twitter for iPhone,Meet Birf. He thinks he's gone blind. 10/10 very frightened pupper https://t.co/oDkspjNWYX,https://twitter.com/dog_rates/status/686377065986265092/photo/1,10,10,Birf,533,2112,https://pbs.twimg.com/media/CYaAS2kUoAINkye.jpg,German_shepherd,True,pupper
4162,683462770029932544,2016-01-03 01:39:57+00:00,Twitter for iPhone,"""Hello forest pupper I am house pupper welcome to my abode"" (8/10 for both) https://t.co/qFD8217fUT",https://twitter.com/dog_rates/status/683462770029932544/photo/1,8,10,None,639,2313,https://pbs.twimg.com/media/CXwlw9MWsAAc-JB.jpg,Italian_greyhound,True,pupper
4121,686683045143953408,2016-01-11 22:56:10+00:00,Twitter for iPhone,This is Mona. She's a Yarborough Splishnsplash. Lost body during Nam. 11/10 revolutionary pupper https://t.co/pgD6h0yhgz,https://twitter.com/dog_rates/status/686683045143953408/photo/1,11,10,Mona,761,2696,https://pbs.twimg.com/media/CYeWlh0WAAADhsj.jpg,Norwich_terrier,True,pupper
4203,680191257256136705,2015-12-25 01:00:07+00:00,Twitter for iPhone,Here's a sleepy Christmas pupper 11/10 https://t.co/KXg0f8GNQ9,https://twitter.com/dog_rates/status/680191257256136705/photo/1,11,10,None,470,2047,https://pbs.twimg.com/media/CXCGVXyWsAAAVHE.jpg,Brittany_spaniel,True,pupper
4065,692752401762250755,2016-01-28 16:53:37+00:00,Twitter for iPhone,"""Hello yes could I get one pupper to go please thank you""
Both 13/10 https://t.co/kYWcXbluUu",https://twitter.com/dog_rates/status/692752401762250755/photo/1,13,10,None,3431,6492,https://pbs.twimg.com/tweet_video_thumb/CZ0mhduWkAICSGe.png,Samoyed,True,pupper
4208,680100725817409536,2015-12-24 19:00:23+00:00,TweetDeck,This pupper is not coming inside until she catches a snowflake on her tongue. 11/10 the determination is palpable https://t.co/lvMYbmKq8H,https://twitter.com/dog_rates/status/680100725817409536/photo/1,11,10,None,1296,3424,https://pbs.twimg.com/media/CW-loUBWYAAn2Cb.jpg,golden_retriever,True,pupper
4213,679777920601223168,2015-12-23 21:37:40+00:00,Twitter for iPhone,This is Rinna. She's melting. 10/10 get inside pupper https://t.co/PA0czwucsb,https://twitter.com/dog_rates/status/679777920601223168/photo/1,10,10,Rinna,1031,2952,https://pbs.twimg.com/media/CW8OYajUMAAPRoF.jpg,bloodhound,True,pupper
4225,678800283649069056,2015-12-21 04:52:53+00:00,Twitter for iPhone,Here's a pupper with some mean tan lines. Snazzy sweater though 12/10 https://t.co/DpCSVsl6vu,https://twitter.com/dog_rates/status/678800283649069056/photo/1,12,10,None,844,2433,https://pbs.twimg.com/media/CWuVQSLW4AAI3w9.jpg,Labrador_retriever,True,pupper
4236,678389028614488064,2015-12-20 01:38:42+00:00,Twitter for iPhone,"This is Bella. She just learned that her final grade in chem was a 92.49 
poor pupper 11/10 https://t.co/auOoKuoveM",https://twitter.com/dog_rates/status/678389028614488064/photo/1,11,10,Bella,392,1757,https://pbs.twimg.com/media/CWofOHUWUAACGVa.jpg,miniature_pinscher,True,pupper
4237,678341075375947776,2015-12-19 22:28:09+00:00,Twitter for iPhone,This pupper likes tape. 12/10 https://t.co/cSp6w5GWgm,https://twitter.com/dog_rates/status/678341075375947776/photo/1,12,10,None,500,1622,https://pbs.twimg.com/media/CWnznDTU4AAa-6P.jpg,golden_retriever,True,pupper
4239,678278586130948096,2015-12-19 18:19:51+00:00,Twitter for iPhone,Another spooky pupper here. Most definitely floating. No legs. Probably knows some dark magic. 10/10 very spooked https://t.co/JK8MByRzgj,https://twitter.com/dog_rates/status/678278586130948096/photo/1,10,10,None,5695,10768,https://pbs.twimg.com/media/CWm6xySUEAAqfFU.jpg,Maltese_dog,True,pupper
4247,677557565589463040,2015-12-17 18:34:46+00:00,Twitter for iPhone,Reckless pupper here. Not even looking at road. Absolute menace. No regard for fellow pupper lives. 10/10 still cute https://t.co/96IBkOYB7j,https://twitter.com/dog_rates/status/677557565589463040/photo/1,10,10,None,1071,2297,https://pbs.twimg.com/media/CWcrAVQWEAA6QMp.jpg,seat_belt,False,pupper
4255,677269281705472000,2015-12-16 23:29:14+00:00,Twitter for iPhone,This is the happiest pupper I've ever seen. 10/10 would trade lives with https://t.co/ep8ATEJwRb,https://twitter.com/dog_rates/status/677269281705472000/photo/1,10,10,the,655,1854,https://pbs.twimg.com/media/CWYk0WxWoAAEwRt.jpg,Shetland_sheepdog,True,pupper
4303,675334060156301312,2015-12-11 15:19:21+00:00,Twitter for iPhone,Good morning here's a grass pupper. 12/10 https://t.co/2d68FmWGGs,"https://twitter.com/dog_rates/status/675334060156301312/photo/1,https://twitter.com/dog_rates/status/675334060156301312/photo/1",12,10,None,1185,2568,https://pbs.twimg.com/media/CV9EvZNUwAAgLCK.jpg,Pembroke,True,pupper
4376,672975131468300288,2015-12-05 03:05:49+00:00,Twitter for iPhone,This is Chuckles. He is one skeptical pupper. 10/10 stay woke Chuckles https://t.co/ZlcF0TIRW1,https://twitter.com/dog_rates/status/672975131468300288/photo/1,10,10,Chuckles,816,1546,https://pbs.twimg.com/media/CVbjRSIWsAElw2s.jpg,pug,True,pupper
4266,676603393314578432,2015-12-15 03:23:14+00:00,Twitter for iPhone,This is Godzilla pupper. He had a ruff childhood &amp; now deflects that pain outward by terrorizing cities. Tragic 9/10 https://t.co/g1tLGkyaxr,https://twitter.com/dog_rates/status/676603393314578432/photo/1,9,10,Godzilla,355,1084,https://pbs.twimg.com/media/CWPHMqKVAAAE78E.jpg,whippet,True,pupper
4269,676575501977128964,2015-12-15 01:32:24+00:00,Twitter for iPhone,This pupper is very passionate about Christmas. Wanted to give the tree a hug. So cute. 8/10 https://t.co/NsGyECJuq7,https://twitter.com/dog_rates/status/676575501977128964/photo/1,8,10,None,1037,2410,https://pbs.twimg.com/media/CWOt07EUsAAnOYW.jpg,feather_boa,False,pupper
4271,676470639084101634,2015-12-14 18:35:43+00:00,Twitter for iPhone,Three generations of pupper. 11/10 for all https://t.co/tAmQYvzrau,https://twitter.com/dog_rates/status/676470639084101634/photo/1,11,10,None,4343,10886,https://pbs.twimg.com/media/CWNOdIpWoAAWid2.jpg,golden_retriever,True,pupper
4274,676263575653122048,2015-12-14 04:52:55+00:00,Twitter for iPhone,All this pupper wanted to do was go skiing. No one told him about the El Nio. Poor pupper. 10/10 maybe next year https://t.co/fTgbq1UBR9,https://twitter.com/dog_rates/status/676263575653122048/photo/1,10,10,None,501,1958,https://pbs.twimg.com/media/CWKSIfUUYAAiOBO.jpg,teddy,False,pupper
4280,675898130735476737,2015-12-13 04:40:46+00:00,Twitter for iPhone,I'm sure you've all seen this pupper. Not prepared at all for the flying disc of terror. 10/10 https://t.co/G0pQiFGM7O,https://twitter.com/dog_rates/status/675898130735476737/photo/1,10,10,None,523,1508,https://pbs.twimg.com/media/CWFFt3_XIAArIYK.jpg,Labrador_retriever,True,pupper
4285,675845657354215424,2015-12-13 01:12:15+00:00,Twitter for iPhone,"This is Pepper. She's not fully comfortable riding her imaginary bike yet. 10/10 don't worry pupper, it gets easier https://t.co/40dj4eTsXG",https://twitter.com/dog_rates/status/675845657354215424/photo/1,10,10,Pepper,806,2120,https://pbs.twimg.com/media/CWEWClfW4AAnqhG.jpg,pug,True,pupper
4290,675740360753160193,2015-12-12 18:13:51+00:00,Twitter for iPhone,Here's a pupper licking in slow motion. 12/10 please enjoy https://t.co/AUJi8ujxw9,https://twitter.com/dog_rates/status/675740360753160193/video/1,12,10,None,311,1099,https://pbs.twimg.com/ext_tw_video_thumb/675740268751138818/pu/img/dVaVeFAVT-lk_1ZV.jpg,golden_retriever,True,pupper
4264,676617503762681856,2015-12-15 04:19:18+00:00,Twitter for iPhone,I promise this wasn't meant to be a cuteness overload account but ermergerd look at this cozy pupper. 13/10 https://t.co/mpQl2rJjDh,https://twitter.com/dog_rates/status/676617503762681856/photo/1,13,10,None,886,2709,https://pbs.twimg.com/media/CWPUB9TWwAALPPx.jpg,Chihuahua,True,pupper
4323,674737130913071104,2015-12-09 23:47:22+00:00,Twitter for iPhone,Meet Rufio. He is unaware of the pink legless pupper wrapped around him. Might want to get that checked 10/10 &amp; 4/10 https://t.co/KNfLnYPmYh,https://twitter.com/dog_rates/status/674737130913071104/photo/1,10,10,Rufio,81,600,https://pbs.twimg.com/media/CV0l10AU8AAfg-a.jpg,Pomeranian,True,pupper
4261,676936541936185344,2015-12-16 01:27:03+00:00,Twitter for iPhone,Here we see a rare pouched pupper. Ample storage space. Looks alert. Jumps at random. Kicked open that door. 8/10 https://t.co/mqvaxleHRz,https://twitter.com/dog_rates/status/676936541936185344/photo/1,8,10,None,4597,11961,https://pbs.twimg.com/media/CWT2MUgWIAECWig.jpg,Chesapeake_Bay_retriever,True,pupper
4327,674638615994089473,2015-12-09 17:15:54+00:00,Twitter for iPhone,This pupper is fed up with being tickled. 12/10 I'm currently working on an elaborate heist to steal this dog https://t.co/F33n1hy3LL,https://twitter.com/dog_rates/status/674638615994089473/photo/1,12,10,None,537,1550,https://pbs.twimg.com/media/CVzMPh1UsAELQ_p.jpg,Pomeranian,True,pupper
4205,680145970311643136,2015-12-24 22:00:10+00:00,Twitter for iPhone,Say hello to Kawhi. He was doing fine until his hat fell off. He got it back though. 10/10 deep breaths pupper https://t.co/N5pM6WBx7e,"https://twitter.com/dog_rates/status/680145970311643136/photo/1,https://twitter.com/dog_rates/status/680145970311643136/photo/1,https://twitter.com/dog_rates/status/680145970311643136/photo/1",10,10,Kawhi,1634,3438,https://pbs.twimg.com/media/CXBdJxLUsAAWql2.jpg,miniature_poodle,True,pupper
4329,674447403907457024,2015-12-09 04:36:06+00:00,Twitter for iPhone,This pupper just wants a belly rub. This pupper has nothing to do w the tree being sideways now. 10/10 good pupper https://t.co/AyJ7Ohk71f,https://twitter.com/dog_rates/status/674447403907457024/photo/1,10,10,None,325,980,https://pbs.twimg.com/media/CVweVUfW4AACPwI.jpg,Brabancon_griffon,True,pupper
4336,674262580978937856,2015-12-08 16:21:41+00:00,Twitter for iPhone,This is Gus. He's super stoked about being an elephant. Couldn't be happier. 9/10 for elephant pupper https://t.co/gJS1qU0jP7,https://twitter.com/dog_rates/status/674262580978937856/photo/1,9,10,Gus,411,1218,https://pbs.twimg.com/media/CVt2PawWIAEUkqW.jpg,Greater_Swiss_Mountain_dog,True,pupper
4342,674038233588723717,2015-12-08 01:30:12+00:00,Twitter for iPhone,This is Kaiya. She's an aspiring shoe model. 12/10 follow your dreams pupper https://t.co/nX8FiGRHvk,https://twitter.com/dog_rates/status/674038233588723717/photo/1,12,10,Kaiya,383,1015,https://pbs.twimg.com/media/CVqqMtiVEAEye_L.jpg,Eskimo_dog,True,pupper
4347,673956914389192708,2015-12-07 20:07:04+00:00,Twitter for iPhone,This is one esteemed pupper. Just graduated college. 10/10 what a champ https://t.co/nyReCVRiyd,https://twitter.com/dog_rates/status/673956914389192708/photo/1,10,10,one,874,1811,https://pbs.twimg.com/media/CVpgPGwWoAEV7gG.jpg,pug,True,pupper
4353,673707060090052608,2015-12-07 03:34:14+00:00,Twitter for iPhone,This is Raymond. He's absolutely terrified of floating tennis ball. 10/10 it'll be ok pupper https://t.co/QyH1CaY3SM,"https://twitter.com/dog_rates/status/673707060090052608/photo/1,https://twitter.com/dog_rates/status/673707060090052608/photo/1",10,10,Raymond,357,1022,https://pbs.twimg.com/media/CVl8_EPWoAAcuSC.jpg,German_short-haired_pointer,True,pupper
4358,673656262056419329,2015-12-07 00:12:23+00:00,Twitter for iPhone,This is Albert AKA King Banana Peel. He's a kind ruler of the kitchen. Very jubilant pupper. 10/10 overall great dog https://t.co/PN8hxgZ9We,https://twitter.com/dog_rates/status/673656262056419329/photo/1,10,10,Albert,211,671,https://pbs.twimg.com/media/CVlOy3pW4AQ9H1K.jpg,bull_mastiff,True,pupper
4359,673612854080196609,2015-12-06 21:19:54+00:00,Twitter for iPhone,This is Jeffri. He's a speckled ice pupper. Very lazy. Enjoys the occasional swim. Rather majestic really. 7/10 https://t.co/0iyItbtkr8,https://twitter.com/dog_rates/status/673612854080196609/photo/1,7,10,Jeffri,652,1472,https://pbs.twimg.com/media/CVknUTlVEAARjU5.jpg,Newfoundland,True,pupper
4366,673342308415348736,2015-12-06 03:24:51+00:00,Twitter for iPhone,This is Django. He's a skilled assassin pupper. 10/10 https://t.co/w0YTuiRd1a,https://twitter.com/dog_rates/status/673342308415348736/photo/1,10,10,Django,515,1175,https://pbs.twimg.com/media/CVgxQc5XIAAYL0W.jpg,ski_mask,False,pupper
4348,673919437611909120,2015-12-07 17:38:09+00:00,Twitter for iPhone,This is Obie. He is on guard watching for evildoers from the comfort of his pumpkin. Very brave pupper. 11/10 https://t.co/cdwPTsGEAb,https://twitter.com/dog_rates/status/673919437611909120/photo/1,11,10,Obie,337,1087,https://pbs.twimg.com/media/CVo-JuMWwAAet6F.jpg,jack-o'-lantern,False,pupper
4374,672988786805112832,2015-12-05 04:00:04+00:00,Twitter for iPhone,This is Schnozz. He's had a blurred tail since birth. Hasn't let that stop him. 10/10 inspirational pupper https://t.co/a3zYMcvbXG,https://twitter.com/dog_rates/status/672988786805112832/photo/1,10,10,Schnozz,264,901,https://pbs.twimg.com/media/CVbvjKqW4AA_CuD.jpg,Lakeland_terrier,True,pupper
4023,697616773278015490,2016-02-11 03:02:54+00:00,Twitter for iPhone,This pupper doubles as a hallway rug. Very rare. Versatile af. 11/10 https://t.co/Jxd5pR02Cn,"https://twitter.com/dog_rates/status/697616773278015490/photo/1,https://twitter.com/dog_rates/status/697616773278015490/photo/1",11,10,None,950,2980,https://pbs.twimg.com/media/Ca5uv7RVAAA_QEg.jpg,Lhasa,True,pupper
4382,672622327801233409,2015-12-04 03:43:54+00:00,Twitter for iPhone,This lil pupper is sad because we haven't found Kony yet. RT to spread awareness. 12/10 would pet firmly https://t.co/Cv7dRdcMvQ,https://twitter.com/dog_rates/status/672622327801233409/photo/1,12,10,None,436,1187,https://pbs.twimg.com/media/CVWicBbUYAIomjC.jpg,golden_retriever,True,pupper
4384,672594978741354496,2015-12-04 01:55:13+00:00,Twitter for iPhone,Meet Scott. Just trying to catch his train to work. Doesn't need everybody staring. 9/10 ignore the haters pupper https://t.co/jyXbZ35MYz,https://twitter.com/dog_rates/status/672594978741354496/photo/1,9,10,Scott,553,1223,https://pbs.twimg.com/media/CVWJkJXWsAInlZl.jpg,Great_Pyrenees,True,pupper
4390,672481316919734272,2015-12-03 18:23:34+00:00,Twitter for iPhone,Say hello to Jazz. She should be on the cover of Vogue. 12/10 gorgeous pupper https://t.co/mVCMemhXAP,https://twitter.com/dog_rates/status/672481316919734272/photo/1,12,10,Jazz,119,666,https://pbs.twimg.com/media/CVUiMUeW4AEQgkU.jpg,Border_collie,True,pupper
4394,672254177670729728,2015-12-03 03:21:00+00:00,Twitter for iPhone,This is Rolf. He's having the time of his life. 11/10 good pupper https://t.co/OO6MqEbqG3,https://twitter.com/dog_rates/status/672254177670729728/photo/1,11,10,Rolf,677,1317,https://pbs.twimg.com/media/CVRTmz1WcAA4uMF.jpg,pug,True,pupper
4369,673295268553605120,2015-12-06 00:17:55+00:00,Twitter for iPhone,Meet Eve. She's a raging alcoholic 8/10 (would b 11/10 but pupper alcoholism is a tragic issue that I can't condone) https://t.co/U36HYQIijg,https://twitter.com/dog_rates/status/673295268553605120/photo/1,8,10,Eve,2863,6939,https://pbs.twimg.com/media/CVgGc9hWIAIe1bn.jpg,golden_retriever,True,pupper
4399,672160042234327040,2015-12-02 21:06:56+00:00,Twitter for iPhone,This is Bubba. He's a Titted Peebles Aorta. Evolutionary masterpiece. Comfortable with his body. 8/10 great pupper https://t.co/aNkkl5nH3W,https://twitter.com/dog_rates/status/672160042234327040/photo/1,8,10,Bubba,320,804,https://pbs.twimg.com/media/CVP9_beUEAAwURR.jpg,pug,True,pupper
4863,825535076884762624,2017-01-29 02:44:34+00:00,Twitter for iPhone,Here's a very loving and accepting puppo. Appears to have read her Constitution well. 14/10 would pat head approvingly https://t.co/6ao80wIpV1,https://twitter.com/dog_rates/status/825535076884762624/photo/1,14,10,None,16883,55339,https://pbs.twimg.com/media/C3TjvitXAAAI-QH.jpg,Rottweiler,True,puppo
4747,855851453814013952,2017-04-22 18:31:02+00:00,Twitter for iPhone,Here's a puppo participating in the #ScienceMarch. Cleverly disguising her own doggo agenda. 13/10 would keep the planet habitable for https://t.co/cMhq16isel,https://twitter.com/dog_rates/status/855851453814013952/photo/1,13,10,None,16605,42953,https://pbs.twimg.com/media/C-CYWrvWAAU8AXH.jpg,flat-coated_retriever,True,puppo
4735,859607811541651456,2017-05-03 03:17:27+00:00,Twitter for iPhone,Sorry for the lack of posts today. I came home from school and had to spend quality time with my puppo. Her name is Zoey and she's 13/10 https://t.co/BArWupFAn0,https://twitter.com/dog_rates/status/859607811541651456/photo/1,13,10,None,1400,17247,https://pbs.twimg.com/media/C-3wvtxXcAUTuBE.jpg,golden_retriever,True,puppo
4711,867421006826221569,2017-05-24 16:44:18+00:00,Twitter for iPhone,This is Shikha. She just watched you drop a skittle on the ground and still eat it. Could not be less impressed. 12/10 superior puppo https://t.co/XZlZKd73go,https://twitter.com/dog_rates/status/867421006826221569/photo/1,12,10,Shikha,2193,14692,https://pbs.twimg.com/media/DAmyy8FXYAIH8Ty.jpg,Eskimo_dog,True,puppo
4631,889665388333682689,2017-07-25 01:55:32+00:00,Twitter for iPhone,Here's a puppo that seems to be on the fence about something haha no but seriously someone help her. 13/10 https://t.co/BxvuXk0UCm,https://twitter.com/dog_rates/status/889665388333682689/photo/1,13,10,None,8625,43176,https://pbs.twimg.com/media/DFi579UWsAAatzw.jpg,Pembroke,True,puppo
4671,878776093423087618,2017-06-25 00:45:22+00:00,Twitter for iPhone,This is Snoopy. He's a proud #PrideMonthPuppo. Impeccable handwriting for not having thumbs. 13/10 would love back #PrideMonth https://t.co/lNZwgNO4gS,"https://twitter.com/dog_rates/status/878776093423087618/photo/1,https://twitter.com/dog_rates/status/878776093423087618/photo/1",13,10,Snoopy,3558,17535,https://pbs.twimg.com/media/DDIKMXzW0AEibje.jpg,Italian_greyhound,True,puppo
5287,744995568523612160,2016-06-20 20:49:19+00:00,Twitter for iPhone,This is Abby. She got her face stuck in a glass. Churlish af. 9/10 rookie move puppo https://t.co/2FPb45NXrK,"https://twitter.com/dog_rates/status/744995568523612160/photo/1,https://twitter.com/dog_rates/status/744995568523612160/photo/1",9,10,Abby,581,2832,https://pbs.twimg.com/media/ClbBg4WWEAMjwJu.jpg,Old_English_sheepdog,True,puppo
4865,825026590719483904,2017-01-27 17:04:02+00:00,Twitter for iPhone,"Say hello to Pablo. He's one gorgeous puppo. A true 12/10. Click the link to see why Pablo requests your assistance

https://t.co/koHvVQp9bL https://t.co/IhW0JKf7kc","https://www.gofundme.com/my-puppys-double-cataract-surgery,https://twitter.com/dog_rates/status/825026590719483904/photo/1,https://twitter.com/dog_rates/status/825026590719483904/photo/1",12,10,Pablo,1196,6059,https://pbs.twimg.com/media/C3MVTeHWcAAGNfx.jpg,Eskimo_dog,True,puppo
4688,874012996292530176,2017-06-11 21:18:31+00:00,Twitter for iPhone,"This is Sebastian. He can't see all the colors of the rainbow, but he can see that this flag makes his human happy. 13/10 #PrideMonth puppo https://t.co/XBE0evJZ6V","https://twitter.com/dog_rates/status/874012996292530176/photo/1,https://twitter.com/dog_rates/status/874012996292530176/photo/1",13,10,Sebastian,8875,30930,https://pbs.twimg.com/media/DCEeLxjXsAAvNSM.jpg,Cardigan,True,puppo
4633,889531135344209921,2017-07-24 17:02:04+00:00,Twitter for iPhone,This is Stuart. He's sporting his favorite fanny pack. Secretly filled with bones only. 13/10 puppared puppo #BarkWeek https://t.co/y70o6h3isq,https://twitter.com/dog_rates/status/889531135344209921/photo/1,13,10,Stuart,1944,13667,https://pbs.twimg.com/media/DFg_2PVW0AEHN3p.jpg,golden_retriever,True,puppo
4987,802239329049477120,2016-11-25 19:55:35+00:00,Twitter for iPhone,This is Loki. He'll do your taxes for you. Can also make room in your budget for all the things you bought today. 12/10 what a puppo https://t.co/5oWrHCWg87,"https://twitter.com/dog_rates/status/802239329049477120/photo/1,https://twitter.com/dog_rates/status/802239329049477120/photo/1",12,10,Loki,2537,8887,https://pbs.twimg.com/media/CyIgaTEVEAA-9zS.jpg,Eskimo_dog,True,puppo
5061,787717603741622272,2016-10-16 18:11:26+00:00,Twitter for iPhone,This is Tonks. She is a service puppo. Can hear a caterpillar hiccup from 7 miles away. 13/10 would follow anywhere https://t.co/i622ZbWkUp,"https://twitter.com/dog_rates/status/787717603741622272/photo/1,https://twitter.com/dog_rates/status/787717603741622272/photo/1,https://twitter.com/dog_rates/status/787717603741622272/photo/1,https://twitter.com/dog_rates/status/787717603741622272/photo/1",13,10,Tonks,2676,9997,https://pbs.twimg.com/media/Cu6I9vvWIAAZG0a.jpg,German_shepherd,True,puppo
4913,816829038950027264,2017-01-05 02:09:53+00:00,Twitter for iPhone,RT @dog_rates: This is Betty. She's assisting with the dishes. Such a good puppo. 12/10 h*ckin helpful af https://t.co/dgvTPZ9tgI,"https://twitter.com/dog_rates/status/790946055508652032/photo/1,https://twitter.com/dog_rates/status/790946055508652032/photo/1",12,10,Betty,4526,0,https://pbs.twimg.com/media/CvoBPWRWgAA4het.jpg,dishwasher,False,puppo
5242,751132876104687617,2016-07-07 19:16:47+00:00,Twitter for iPhone,This is Cooper. He's just so damn happy. 10/10 what's your secret puppo? https://t.co/yToDwVXEpA,"https://twitter.com/dog_rates/status/751132876104687617/photo/1,https://twitter.com/dog_rates/status/751132876104687617/photo/1",10,10,Cooper,1224,4856,https://pbs.twimg.com/media/CmyPXNOW8AEtaJ-.jpg,Labrador_retriever,True,puppo
5219,756275833623502848,2016-07-21 23:53:04+00:00,Twitter for iPhone,When ur older siblings get to play in the deep end but dad says ur not old enough. Maybe one day puppo. All 10/10 https://t.co/JrDAzMhwG9,"https://twitter.com/dog_rates/status/756275833623502848/photo/1,https://twitter.com/dog_rates/status/756275833623502848/photo/1",10,10,None,1456,6135,https://pbs.twimg.com/media/Cn7U2xlW8AI9Pqp.jpg,Airedale,True,puppo
5232,752519690950500352,2016-07-11 15:07:30+00:00,Twitter for iPhone,Hopefully this puppo on a swing will help get you through your Monday. 11/10 would push https://t.co/G54yClasz2,"https://twitter.com/dog_rates/status/752519690950500352/photo/1,https://twitter.com/dog_rates/status/752519690950500352/photo/1,https://twitter.com/dog_rates/status/752519690950500352/photo/1",11,10,None,3269,7073,https://pbs.twimg.com/media/CnF8qVDWYAAh0g1.jpg,swing,False,puppo
5046,790946055508652032,2016-10-25 16:00:09+00:00,Twitter for iPhone,This is Betty. She's assisting with the dishes. Such a good puppo. 12/10 h*ckin helpful af https://t.co/dgvTPZ9tgI,https://twitter.com/dog_rates/status/790946055508652032/photo/1,12,10,Betty,4526,16300,https://pbs.twimg.com/media/CvoBPWRWgAA4het.jpg,dishwasher,False,puppo
5035,793195938047070209,2016-10-31 21:00:23+00:00,Twitter for iPhone,Say hello to Lily. She's pupset that her costume doesn't fit as well as last year. 12/10 poor puppo https://t.co/YSi6K1firY,"https://twitter.com/dog_rates/status/793195938047070209/photo/1,https://twitter.com/dog_rates/status/793195938047070209/photo/1",12,10,Lily,5452,14879,https://pbs.twimg.com/media/CwH_foYWgAEvTyI.jpg,Labrador_retriever,True,puppo
4979,803773340896923648,2016-11-30 01:31:12+00:00,Twitter for iPhone,This is Diogi. He fell in the pool as soon as he was brought home. Clumsy puppo. 12/10 would pet until dry https://t.co/ZxeRjMKaWt,"https://twitter.com/dog_rates/status/803773340896923648/photo/1,https://twitter.com/dog_rates/status/803773340896923648/photo/1,https://twitter.com/dog_rates/status/803773340896923648/photo/1,https://twitter.com/dog_rates/status/803773340896923648/photo/1",12,10,Diogi,2652,9820,https://pbs.twimg.com/media/CyeTku-XcAALkBd.jpg,miniature_pinscher,True,puppo
4873,822872901745569793,2017-01-21 18:26:02+00:00,Twitter for iPhone,Here's a super supportive puppo participating in the Toronto  #WomensMarch today. 13/10 https://t.co/nTz3FtorBc,https://twitter.com/dog_rates/status/822872901745569793/photo/1,13,10,None,41359,127459,https://pbs.twimg.com/media/C2tugXLXgAArJO4.jpg,Lakeland_terrier,True,puppo
4892,819952236453363712,2017-01-13 17:00:21+00:00,Twitter for iPhone,"This is Oliver. He has dreams of being a service puppo so he can help his owner. 13/10 selfless af

make it happen:
https://t.co/f5WMsx0a9K https://t.co/6lJz0DKZIb","https://www.gofundme.com/servicedogoliver,https://twitter.com/dog_rates/status/819952236453363712/photo/1",13,10,Oliver,1127,5161,https://pbs.twimg.com/media/C2EONHNWQAUWxkP.jpg,American_Staffordshire_terrier,True,puppo
5295,743253157753532416,2016-06-16 01:25:36+00:00,Twitter for iPhone,"This is Kilo. He cannot reach the snackum. Nifty tongue, but not nifty enough. 10/10 maybe one day puppo https://t.co/gSmp31Zrsx",https://twitter.com/dog_rates/status/743253157753532416/photo/1,10,10,Kilo,1152,4051,https://pbs.twimg.com/media/ClCQzFUUYAA5vAu.jpg,malamute,True,puppo
